,Longitude,Latitude,Solar Energy Potential,Wind Power Density,Port Code,Port Long.,Port Lat.,Gen-Port Direct Dist.,Gen-Port Driving Dist.,Country,ISO_A3,Continent,H2_Region,Is_Offshore,Offshore_Zone,Transport Cost per kg H2,Cheapest Medium,Gen. emissions per kg H2,Transport Emissions per kg H2,Total Emissions per kg H2,Below RED3 Threshold,country_cap_kt,within_cap,cap_rank,Corridor
0,-10.0,52.0,773.070011138916,845.1421,651,-9.790078969507178,51.618368974,44.86209949609856,130.8442,Ocean / International,IRL,Europe,EU,,,0.0,Domestic,0.5509999999999999,0.0,0.5509999999999999,True,496.6,True,1.0,EU
1,-10.0,54.0,907.7549958229064,610.3328,2524,-9.811221166715304,52.499272171,167.4919175874422,317.3181,Ocean / International,IRL,Europe,EU,,,0.0,Domestic,0.5509999999999999,0.0,0.5509999999999999,True,496.6,True,8.0,EU
2,-9.0,39.0,1591.035075187683,195.30276,45564,-9.10751891322434,38.72575789690018,31.84251835585132,44.0286,Portugal,PRT,Europe,EU,,,0.0,Domestic,2.217,0.0,2.217,True,365.3,True,76.0,EU
3,-9.0,43.0,1263.629961013794,365.72867,6009,-9.180233714285713,42.94181,16.0616909296287,21.9776,Spain,ESP,Europe,EU,,,0.0,Domestic,0.5509999999999999,0.0,0.5509999999999999,True,617.5,True,37.0,EU
4,-9.0,52.0,908.4850299358368,1100.1931,3073,-9.535916145669315,51.69711,49.99530538940045,82.54469999999999,Ireland,IRL,Europe,EU,,,0.0,Domestic,0.5509999999999999,0.0,0.5509999999999999,True,496.6,True,3.0,EU
5,-9.0,53.0,932.5750243663788,541.0707,13768,-9.083740459755065,52.65167847275734,39.17109659071388,48.8354,Ireland,IRL,Europe,EU,,,0.0,Domestic,0.5509999999999999,0.0,0.5509999999999999,True,496.6,True,13.0,EU
6,-9.0,54.0,873.4449589252472,567.02655,13768,-9.083740459755065,52.65167847275734,150.16158217699407,179.8075,Ireland,IRL,Europe,EU,,,0.0,Domestic,0.5509999999999999,0.0,0.5509999999999999,True,496.6,True,11.0,EU
7,-8.0,38.0,1658.5600543022156,170.32425,44800,-8.847728446125984,37.934874119237065,74.84063965484022,96.9161,Portugal,PRT,Europe,EU,,,0.0,Domestic,2.217,0.0,2.217,True,365.3,True,48.0,EU
8,-8.0,39.0,1599.0650153160095,112.18398,2138,-8.792063305154443,38.46505334135145,90.9375754578044,139.8506,Portugal,PRT,Europe,EU,,,0.0,Domestic,2.217,0.0,2.217,True,365.3,True,73.0,EU
9,-8.0,40.0,1562.9300236701963,112.45144,2981,-8.717397312493866,40.65577,94.9696030061802,156.2755,Portugal,PRT,Europe,EU,,,0.0,Domestic,2.217,0.0,2.217,True,365.3,True,86.0,EU
10,-8.0,41.0,1519.1300654411316,593.27496,3948,-8.724316285148213,41.189005,64.37144504878584,106.2215,Portugal,PRT,Europe,EU,,,0.0,Domestic,0.5509999999999999,0.0,0.5509999999999999,True,365.3,True,9.0,EU
11,-8.0,42.0,1444.3050062656405,187.2076,3767,-8.724420301809205,42.243735,65.73744611705277,112.2882,Spain,ESP,Europe,EU,,,0.0,Domestic,2.217,0.0,2.217,True,617.5,True,131.0,EU
12,-8.0,43.0,1327.1399700641632,356.52542,2589,-8.212403109265928,43.481855,56.2439511196606,89.9715,Spain,ESP,Europe,EU,,,0.0,Domestic,0.5509999999999999,0.0,0.5509999999999999,True,617.5,True,52.0,EU
13,-8.0,54.0,875.2700006961823,436.97498,2416,-7.10387403525,55.0901467725,134.49279323304464,154.97879999999998,Ireland,IRL,Europe,EU,,,0.0,Domestic,0.5509999999999999,0.0,0.5509999999999999,True,496.6,True,18.0,EU
14,-7.0,38.0,1633.3749651908877,169.0946,3189,-6.936728819487438,37.197585,89.23425222487796,134.4033,Spain,ESP,Europe,EU,,,0.0,Domestic,2.217,0.0,2.217,True,617.5,True,60.0,EU
15,-7.0,39.0,1664.3999791145325,135.05084,3189,-6.936728819487438,37.197585,200.14206919357713,261.10470000000004,Spain,ESP,Europe,EU,,,0.0,Domestic,2.217,0.0,2.217,True,617.5,True,44.0,EU
16,-7.0,40.0,1636.660075187683,127.779366,2981,-8.717397312493866,40.65577,163.10348431708968,255.7704,Spain,ESP,Europe,EU,,,0.0,Domestic,2.217,0.0,2.217,True,617.5,True,59.0,EU
17,-7.0,41.0,1533.7300515174866,89.142235,3948,-8.724316285148213,41.189005,146.37844661640733,208.7249,Portugal,PRT,Europe,EU,,,0.0,Domestic,2.217,0.0,2.217,True,365.3,True,98.0,EU
18,-7.0,42.0,1532.6349568367004,344.25903,3767,-8.724420301809205,42.243735,145.14112057263986,218.177,Spain,ESP,Europe,EU,,,0.0,Domestic,0.5509999999999999,0.0,0.5509999999999999,True,617.5,True,71.0,EU
19,-7.0,43.0,1254.8699867725372,26.065441,2696,-7.46093988,43.70784,87.06748217029575,141.6383,Spain,ESP,Europe,EU,,,0.0,Domestic,2.217,0.0,2.217,True,617.5,True,225.0,EU
20,-7.0,53.0,942.4300062656404,391.7164,1932,-6.138609205129036,53.330007288,68.32065902202869,80.7423,Ireland,IRL,Europe,EU,,,0.0,Domestic,0.5509999999999999,0.0,0.5509999999999999,True,496.6,True,23.0,EU
21,-7.0,54.0,896.4400327205658,577.5743,712,-6.085992350580719,54.009924726,59.93939412476111,76.8781,Ireland,IRL,Europe,EU,,,0.0,Domestic,0.5509999999999999,0.0,0.5509999999999999,True,496.6,True,10.0,EU
22,-6.0,37.0,1702.3600125312803,125.64981,2907,-5.996280129218727,37.35316,39.19542639565246,63.8776,Spain,ESP,Europe,EU,,,0.0,Domestic,2.217,0.0,2.217,True,617.5,True,33.0,EU
23,-6.0,38.0,1657.4649596214294,76.38648,2907,-5.996280129218727,37.35316,71.79375997139933,102.6771,Spain,ESP,Europe,EU,,,0.0,Domestic,2.217,0.0,2.217,True,617.5,True,49.0,EU
24,-6.0,39.0,1664.3999791145325,114.69686,2907,-5.996280129218727,37.35316,182.79926620058524,232.5377,Spain,ESP,Europe,EU,,,0.0,Domestic,2.217,0.0,2.217,True,617.5,True,45.0,EU
25,-6.0,40.0,1652.3549818992617,264.29645,2907,-5.996280129218727,37.35316,293.8241994348109,345.3009,Spain,ESP,Europe,EU,,,0.0,Domestic,2.217,0.0,2.217,True,617.5,True,50.0,EU
26,-6.0,41.0,1621.694941520691,198.48486,2984,-5.918971217474734,43.573325,285.92010929184994,377.0225,Spain,ESP,Europe,EU,,,0.0,Domestic,2.217,0.0,2.217,True,617.5,True,64.0,EU
27,-6.0,42.0,1604.1749930381775,133.97366,2984,-5.918971217474734,43.573325,174.90412715000846,243.189,Spain,ESP,Europe,EU,,,0.0,Domestic,2.217,0.0,2.217,True,617.5,True,72.0,EU
28,-6.0,43.0,1469.490008354187,189.37708,2984,-5.918971217474734,43.573325,64.03403153570913,116.5331,Spain,ESP,Europe,EU,,,0.0,Domestic,2.217,0.0,2.217,True,617.5,True,118.0,EU
29,-5.0,37.0,1719.5149874687197,207.80424,2578,-4.420131428877463,36.708395,61.00394867810213,97.9737,Spain,ESP,Europe,EU,,,0.0,Domestic,2.217,0.0,2.217,True,617.5,True,30.0,EU
30,-5.0,38.0,1645.784935951233,66.33079,2907,-5.996280129218727,37.35316,113.4828076233804,200.4524,Spain,ESP,Europe,EU,,,0.0,Domestic,2.217,0.0,2.217,True,617.5,True,56.0,EU
31,-5.0,39.0,1650.5299401283264,65.70571,2907,-5.996280129218727,37.35316,202.5694852514639,323.4161,Spain,ESP,Europe,EU,,,0.0,Domestic,2.217,0.0,2.217,True,617.5,True,53.0,EU
32,-5.0,40.0,1680.460033416748,173.18233,2907,-5.996280129218727,37.35316,306.34084136391573,408.4659,Spain,ESP,Europe,EU,,,0.0,Domestic,2.217,0.0,2.217,True,617.5,True,39.0,EU
33,-5.0,41.0,1647.9749512672424,198.71326,2791,-5.686433355270713,43.563135,290.2820684718309,353.6126,Spain,ESP,Europe,EU,,,0.0,Domestic,2.217,0.0,2.217,True,617.5,True,54.0,EU
34,-5.0,42.0,1614.029974937439,193.28633,2791,-5.686433355270713,43.563135,182.503217860824,249.3415,Spain,ESP,Europe,EU,,,0.0,Domestic,2.217,0.0,2.217,True,617.5,True,67.0,EU
35,-5.0,43.0,1440.290036201477,216.10222,2791,-5.686433355270713,43.563135,83.77559375875634,123.3911,Spain,ESP,Europe,EU,,,0.0,Domestic,2.217,0.0,2.217,True,617.5,True,133.0,EU
36,-4.0,37.0,1761.8550515174866,114.00687,16757,-4.359737063184686,36.69065359979868,46.989339417056826,74.01,Spain,ESP,Europe,EU,,,0.0,Domestic,2.217,0.0,2.217,True,617.5,True,24.0,EU
37,-4.0,38.0,1678.634991645813,69.619026,16757,-4.359737063184686,36.69065359979868,148.77115656214582,220.112,Spain,ESP,Europe,EU,,,0.0,Domestic,2.217,0.0,2.217,True,617.5,True,40.0,EU
38,-4.0,39.0,1669.874930381775,134.5872,2578,-4.420131428877463,36.708395,257.0261670461565,352.16209999999995,Spain,ESP,Europe,EU,,,0.0,Domestic,2.217,0.0,2.217,True,617.5,True,42.0,EU
39,-4.0,40.0,1684.47491645813,134.32224,2907,-5.996280129218727,37.35316,341.3100961006866,500.3049,Spain,ESP,Europe,EU,,,0.0,Domestic,2.217,0.0,2.217,True,617.5,True,38.0,EU
40,-4.0,41.0,1552.7100682258606,240.8433,2764,-3.81331667164179,43.433975,270.798722114523,364.7736,Spain,ESP,Europe,EU,,,0.0,Domestic,2.217,0.0,2.217,True,617.5,True,92.0,EU
41,-4.0,42.0,1580.0849986076355,227.74178,2764,-3.81331667164179,43.433975,160.02848677025565,233.8907,Spain,ESP,Europe,EU,,,0.0,Domestic,2.217,0.0,2.217,True,617.5,True,79.0,EU
42,-4.0,43.0,1338.8199937343595,349.97766,2764,-3.81331667164179,43.433975,50.543121018281965,74.9653,Spain,ESP,Europe,EU,,,0.0,Domestic,0.5509999999999999,0.0,0.5509999999999999,True,617.5,True,63.0,EU
43,-4.0,48.0,1113.6150431632996,227.2893,2167,-4.466200601422965,48.37842996697873,54.51744389629566,73.70060000000001,France,-99,Europe,EU,,,0.0,Domestic,0.5509999999999999,0.0,0.5509999999999999,True,,True,276.0,EU
44,-3.0,37.0,1733.020052909851,117.76358,2760,-2.4691663394584125,36.82509,51.13198927922056,80.1274,Spain,ESP,Europe,EU,,,0.0,Domestic,2.217,0.0,2.217,True,617.5,True,27.0,EU
45,-3.0,39.0,1697.615008354187,198.3442,6078,-1.8178512612323487,37.181685,226.90702714578552,399.4837,Spain,ESP,Europe,EU,,,0.0,Domestic,2.217,0.0,2.217,True,617.5,True,34.0,EU
46,-3.0,40.0,1692.1400570869446,186.03697,3711,-0.3148772111379091,39.436955,238.55708486072385,281.5225,Spain,ESP,Europe,EU,,,0.0,Domestic,2.217,0.0,2.217,True,617.5,True,36.0,EU
47,-3.0,41.0,1619.5049262046814,114.999054,2182,-3.0673395847039027,43.36584575939924,262.8495520190622,356.6941,Spain,ESP,Europe,EU,,,0.0,Domestic,2.217,0.0,2.217,True,617.5,True,65.0,EU
48,-3.0,43.0,1235.5249965190887,273.67484,2182,-3.0673395847039027,43.36584575939924,41.01115464486475,59.1305,Spain,ESP,Europe,EU,,,0.0,Domestic,0.5509999999999999,0.0,0.5509999999999999,True,617.5,True,184.0,EU
49,-3.0,48.0,1123.470025062561,291.35886,4053,-3.3590604545454523,47.719855,41.13503458056616,56.3544,France,-99,Europe,EU,,,0.0,Domestic,0.5509999999999999,0.0,0.5509999999999999,True,,True,146.0,EU
50,-2.0,37.0,1729.369969367981,185.98138,3556,-1.8943696686746985,36.97417,9.831115403783016,15.0137,Spain,ESP,Europe,EU,,,0.0,Domestic,2.217,0.0,2.217,True,617.5,True,28.0,EU
51,-2.0,38.0,1758.569941520691,199.93323,6078,-1.8178512612323487,37.181685,92.2373925914669,128.1524,Spain,ESP,Europe,EU,,,0.0,Domestic,2.217,0.0,2.217,True,617.5,True,25.0,EU
52,-2.0,39.0,1696.1549401283264,201.16089,2752,-0.5007681315651271,38.323865,150.5321962262104,181.7372,Spain,ESP,Europe,EU,,,0.0,Domestic,2.217,0.0,2.217,True,617.5,True,35.0,EU
53,-2.0,40.0,1628.629961013794,170.04811,3711,-0.3148772111379091,39.436955,157.42872750371777,225.4004,Spain,ESP,Europe,EU,,,0.0,Domestic,2.217,0.0,2.217,True,617.5,True,62.0,EU
54,-2.0,41.0,1596.5100264549255,331.59747,2602,-0.2175655151094663,39.64322,213.64368581226455,267.37140000000005,Spain,ESP,Europe,EU,,,0.0,Domestic,2.217,0.0,2.217,True,617.5,True,74.0,EU
55,-2.0,42.0,1532.6349568367004,353.78482,2300,-1.4937521585201432,43.5113705182448,172.93333006195942,228.0007,Spain,ESP,Europe,EU,,,0.0,Domestic,0.5509999999999999,0.0,0.5509999999999999,True,617.5,True,58.0,EU
56,-2.0,47.0,1283.3400118350985,356.61728,44004,-2.066343490813117,47.30596000794321,34.384844734750494,53.9099,France,-99,Europe,EU,,,0.0,Domestic,0.5509999999999999,0.0,0.5509999999999999,True,,True,51.0,EU
57,-2.0,48.0,1142.8150153160095,255.92772,44004,-2.066343490813117,47.30596000794321,77.32662041795413,95.2566,France,-99,Europe,EU,,,0.0,Domestic,0.5509999999999999,0.0,0.5509999999999999,True,,True,221.0,EU
58,-1.0,38.0,1662.9400849342346,91.761086,2188,-1.0337803234236416,37.56840352434665,47.996259041324656,69.14189999999999,Spain,ESP,Europe,EU,,,0.0,Domestic,2.217,0.0,2.217,True,617.5,True,46.0,EU
59,-1.0,39.0,1641.4050793647766,281.25412,3711,-0.3148772111379091,39.436955,76.51089416709192,140.224,Spain,ESP,Europe,EU,,,0.0,Domestic,2.217,0.0,2.217,True,617.5,True,57.0,EU
60,-1.0,40.0,1685.2050375938416,1146.4688,2602,-0.2175655151094663,39.64322,77.82448887194522,110.1639,Spain,ESP,Europe,EU,,,0.0,Domestic,0.5509999999999999,0.0,0.5509999999999999,True,617.5,True,2.0,EU
61,-1.0,41.0,1623.1550097465515,786.22534,3577,0.0179805118713873,39.960565,144.12622252953688,253.9345,Spain,ESP,Europe,EU,,,0.0,Domestic,0.5509999999999999,0.0,0.5509999999999999,True,617.5,True,5.0,EU
62,-1.0,42.0,1606.0000348091123,282.2271,2300,-1.4937521585201432,43.5113705182448,172.69109248543148,278.5093,Spain,ESP,Europe,EU,,,0.0,Domestic,2.217,0.0,2.217,True,617.5,True,70.0,EU
63,-1.0,44.0,1255.2349603176117,84.37773,2300,-1.4937521585201432,43.5113705182448,67.2948067605524,83.22489999999999,France,-99,Europe,EU,,,0.0,Domestic,2.217,0.0,2.217,True,,True,223.0,EU
64,-1.0,46.0,1324.2200076580048,277.92865,26043,-1.25133336,46.063404972,20.694958925415985,36.2594,France,-99,Europe,EU,,,0.0,Domestic,0.5509999999999999,0.0,0.5509999999999999,True,,True,171.0,EU
65,-1.0,47.0,1212.165036201477,258.28165,2072,-1.2451939327493204,46.1616513133049,95.06907006611954,122.2803,France,-99,Europe,EU,,,0.0,Domestic,0.5509999999999999,0.0,0.5509999999999999,True,,True,217.0,EU
66,-1.0,48.0,1158.1450355052948,279.89432,44004,-2.066343490813117,47.30596000794321,111.22709886999245,126.4975,France,-99,Europe,EU,,,0.0,Domestic,0.5509999999999999,0.0,0.5509999999999999,True,,True,165.0,EU
67,-1.0,49.0,1094.6350264549255,372.29214,26054,-0.94782409721487,49.48317436,53.87009395870386,73.40060000000001,France,-99,Europe,EU,,,0.0,Domestic,0.5509999999999999,0.0,0.5509999999999999,True,,True,31.0,EU
68,0.0,40.0,1614.3949484825134,215.72809,3577,0.0179805118713873,39.960565,4.6401872739178085,8.887799999999999,Spain,ESP,Europe,EU,,,0.0,Domestic,2.217,0.0,2.217,True,617.5,True,66.0,EU
69,0.0,41.0,1631.5499234199524,264.58435,7036,0.0868858209811909,39.97097983057365,114.50369388429972,162.1775,Spain,ESP,Europe,EU,,,0.0,Domestic,2.217,0.0,2.217,True,617.5,True,61.0,EU
70,0.0,42.0,1646.5150570869446,190.88708,3429,1.2093694112882996,41.088475,142.9365857923736,177.992,Spain,ESP,Europe,EU,,,0.0,Domestic,2.217,0.0,2.217,True,617.5,True,55.0,EU
71,0.0,44.0,1272.390022277832,129.13689,2071,-0.5485333700973443,44.94010002817959,113.21603767410954,145.32070000000002,France,-99,Europe,EU,,,0.0,Domestic,2.217,0.0,2.217,True,,True,214.0,EU
72,0.0,45.0,1270.564980506897,141.99854,2071,-0.5485333700973443,44.94010002817959,43.7815769336183,69.0347,France,-99,Europe,EU,,,0.0,Domestic,2.217,0.0,2.217,True,,True,215.0,EU
73,0.0,46.0,1254.8699867725372,219.70993,16198,-1.0112673488580972,45.56464954745024,92.33559513155842,107.822,France,-99,Europe,EU,,,0.0,Domestic,2.217,0.0,2.217,True,,True,224.0,EU
74,0.0,47.0,1219.0999686717987,267.4911,2072,-1.2451939327493204,46.1616513133049,133.39166951096377,168.9569,France,-99,Europe,EU,,,0.0,Domestic,0.5509999999999999,0.0,0.5509999999999999,True,,True,199.0,EU
75,0.0,48.0,1168.0000174045565,286.9835,2073,-0.1505117551837289,49.4879100095,165.83245015089696,222.6557,France,-99,Europe,EU,,,0.0,Domestic,0.5509999999999999,0.0,0.5509999999999999,True,,True,158.0,EU
76,0.0,49.0,1111.7900013923645,281.19742,2073,-0.1505117551837289,49.4879100095,55.35827118663381,94.92,France,-99,Europe,EU,,,0.0,Domestic,0.5509999999999999,0.0,0.5509999999999999,True,,True,161.0,EU
77,1.0,42.0,1611.8399596214294,125.69221,3429,1.2093694112882996,41.088475,102.73413714187468,124.6558,Spain,ESP,Europe,EU,,,0.0,Domestic,2.217,0.0,2.217,True,617.5,True,68.0,EU
78,1.0,44.0,1312.5399839878082,214.18861,2071,-0.5485333700973443,44.94010002817959,161.53540995176033,196.2733,France,-99,Europe,EU,,,0.0,Domestic,2.217,0.0,2.217,True,,True,192.0,EU
79,1.0,45.0,1275.674958229065,127.07855,2071,-0.5485333700973443,44.94010002817959,122.33990579636188,169.2786,France,-99,Europe,EU,,,0.0,Domestic,2.217,0.0,2.217,True,,True,213.0,EU
80,1.0,47.0,1205.5949902534485,258.58456,2072,-1.2451939327493204,46.1616513133049,195.6938413815298,229.5285,France,-99,Europe,EU,,,0.0,Domestic,0.5509999999999999,0.0,0.5509999999999999,True,,True,216.0,EU
81,1.0,48.0,1167.6349568367004,266.87878,3945,0.0724312431941908,49.57221,187.65149023793285,292.5057,France,-99,Europe,EU,,,0.0,Domestic,0.5509999999999999,0.0,0.5509999999999999,True,,True,202.0,EU
82,1.0,49.0,1123.1049644947052,226.80429,3945,0.0724312431941908,49.57221,92.75486752671183,107.9902,France,-99,Europe,EU,,,0.0,Domestic,0.5509999999999999,0.0,0.5509999999999999,True,,True,277.0,EU
83,2.0,42.0,1585.559949874878,73.708374,3092,2.1745729615255307,41.326685,76.18314843220392,109.7409,Spain,ESP,Europe,EU,,,0.0,Domestic,2.217,0.0,2.217,True,617.5,True,78.0,EU
84,2.0,43.0,1343.5649979114532,279.73465,7053,3.0894979240492426,43.014494166666665,88.84224304469679,133.4388,France,-99,Europe,EU,,,0.0,Domestic,0.5509999999999999,0.0,0.5509999999999999,True,,True,166.0,EU
85,2.0,44.0,1342.4699902534485,231.3235,7053,3.0894979240492426,43.014494166666665,140.53516082224996,240.9993,France,-99,Europe,EU,,,0.0,Domestic,2.217,0.0,2.217,True,,True,173.0,EU
86,2.0,45.0,1315.460033416748,305.57123,7053,3.0894979240492426,43.014494166666665,237.28008227883913,375.7896,France,-99,Europe,EU,,,0.0,Domestic,0.5509999999999999,0.0,0.5509999999999999,True,,True,127.0,EU
87,2.0,46.0,1220.5600368976593,159.3598,2071,-0.5485333700973443,44.94010002817959,231.4877170594905,296.1005,France,-99,Europe,EU,,,0.0,Domestic,2.217,0.0,2.217,True,,True,240.0,EU
88,2.0,47.0,1208.1499791145325,223.5109,3945,0.0724312431941908,49.57221,319.76905546566024,416.8735,France,-99,Europe,EU,,,0.0,Domestic,2.217,0.0,2.217,True,,True,249.0,EU
89,2.0,49.0,1115.4399979114532,273.33252,3945,0.0724312431941908,49.57221,153.9920433325644,177.2696,France,-99,Europe,EU,,,0.0,Domestic,0.5509999999999999,0.0,0.5509999999999999,True,,True,187.0,EU
90,2.0,50.0,1085.509991645813,299.67856,12991,1.7344880521733896,51.00750002078712,113.64474831373506,139.5319,France,-99,Europe,EU,,,0.0,Domestic,0.5509999999999999,0.0,0.5509999999999999,True,,True,136.0,EU
91,2.0,51.0,1111.0599672794342,490.0636,4058,2.100816672288107,51.082495,11.585455881785943,16.2855,France,-99,Europe,EU,,,0.0,Domestic,0.5509999999999999,0.0,0.5509999999999999,True,,True,14.0,EU
92,3.0,42.0,1522.05002784729,204.69771,4808,3.129576711496853,41.843315,20.455027078004424,26.7432,Spain,ESP,Europe,EU,,,0.0,Domestic,2.217,0.0,2.217,True,617.5,True,103.0,EU
93,3.0,43.0,1475.695080757141,968.35156,7053,3.0894979240492426,43.014494166666665,7.472438132699136,12.2792,France,-99,Europe,EU,,,0.0,Domestic,0.5509999999999999,0.0,0.5509999999999999,True,,True,4.0,EU
94,3.0,45.0,1361.4500069618225,317.33936,2894,3.719362906425963,43.40327,186.50562639100585,257.1028,France,-99,Europe,EU,,,0.0,Domestic,0.5509999999999999,0.0,0.5509999999999999,True,,True,105.0,EU
95,3.0,46.0,1260.7099986076355,297.09677,2894,3.719362906425963,43.40327,294.1385891978932,377.1814,France,-99,Europe,EU,,,0.0,Domestic,0.5509999999999999,0.0,0.5509999999999999,True,,True,139.0,EU
96,3.0,47.0,1185.1549923419952,191.79308,2894,3.719362906425963,43.40327,403.6960195239908,497.9719,France,-99,Europe,EU,,,0.0,Domestic,2.217,0.0,2.217,True,,True,254.0,EU
97,3.0,48.0,1173.8400292396543,268.74677,4058,2.100816672288107,51.082495,348.9501967593124,423.5949,France,-99,Europe,EU,,,0.0,Domestic,0.5509999999999999,0.0,0.5509999999999999,True,,True,197.0,EU
98,3.0,49.0,1124.5650327205658,200.25859,4058,2.100816672288107,51.082495,240.41951674019472,293.8937,France,-99,Europe,EU,,,0.0,Domestic,2.217,0.0,2.217,True,,True,281.0,EU
99,3.0,50.0,1097.9199624061584,333.79803,4069,3.20823629477684,51.33349,149.0685216494936,181.1242,France,-99,Europe,EU,,,0.0,Domestic,0.5509999999999999,0.0,0.5509999999999999,True,,True,84.0,EU
100,3.0,51.0,1077.1149909496307,288.76385,4069,3.20823629477684,51.33349,39.85781993934609,49.4296,Belgium,BEL,Europe,EU,,,0.0,Domestic,0.5509999999999999,0.0,0.5509999999999999,True,32.9,True,154.0,EU
101,4.0,40.0,1526.0650849342346,160.95644,11878,2.658801198657029,39.54165218397975,125.67484039750788,225.8485,Ocean / International,ESP,Europe,EU,,,0.0,Domestic,2.217,0.0,2.217,True,617.5,True,101.0,EU
102,4.0,44.0,1488.1050515174866,157.90396,2894,3.719362906425963,43.40327,70.05331665317794,94.3774,France,-99,Europe,EU,,,0.0,Domestic,2.217,0.0,2.217,True,,True,110.0,EU
103,4.0,45.0,1287.3549818992617,290.74545,2894,3.719362906425963,43.40327,178.83469448010928,304.6773,France,-99,Europe,EU,,,0.0,Domestic,0.5509999999999999,0.0,0.5509999999999999,True,,True,147.0,EU
104,4.0,46.0,1253.0450320243835,213.09326,2894,3.719362906425963,43.40327,289.4194202616596,429.6195,France,-99,Europe,EU,,,0.0,Domestic,2.217,0.0,2.217,True,,True,226.0,EU
105,4.0,48.0,1156.6849672794342,213.26343,2866,3.787823282608696,51.33401,371.13297675907046,486.6716,France,-99,Europe,EU,,,0.0,Domestic,2.217,0.0,2.217,True,,True,265.0,EU
106,4.0,49.0,1143.179988861084,290.07925,2866,3.787823282608696,51.33401,260.0590819591115,351.0543,France,-99,Europe,EU,,,0.0,Domestic,0.5509999999999999,0.0,0.5509999999999999,True,,True,152.0,EU
107,4.0,50.0,1077.845025062561,362.61298,2866,3.787823282608696,51.33401,149.15383643736735,218.9581,France,-99,Europe,EU,,,0.0,Domestic,0.5509999999999999,0.0,0.5509999999999999,True,,True,41.0,EU
108,4.0,51.0,1059.5950424671173,294.75482,2866,3.787823282608696,51.33401,40.01304931833146,59.0161,Belgium,BEL,Europe,EU,,,0.0,Domestic,0.5509999999999999,0.0,0.5509999999999999,True,32.9,True,141.0,EU
109,5.0,44.0,1565.4850125312803,436.6279,2625,4.89108309428962,43.40762,66.40015589900723,90.813,France,-99,Europe,EU,,,0.0,Domestic,0.5509999999999999,0.0,0.5509999999999999,True,,True,19.0,EU
110,5.0,45.0,1391.3800132274628,339.66318,2625,4.89108309428962,43.40762,177.15324593601218,221.0536,France,-99,Europe,EU,,,0.0,Domestic,0.5509999999999999,0.0,0.5509999999999999,True,,True,77.0,EU
111,5.0,46.0,1278.9599812030792,269.25327,2625,4.89108309428962,43.40762,288.210006379338,345.4349,France,-99,Europe,EU,,,0.0,Domestic,0.5509999999999999,0.0,0.5509999999999999,True,,True,196.0,EU
112,5.0,47.0,1218.3700215816498,196.69289,2625,4.89108309428962,43.40762,399.3334594352644,469.8888,France,-99,Europe,EU,,,0.0,Domestic,2.217,0.0,2.217,True,,True,244.0,EU
113,5.0,49.0,1117.2650396823883,242.81165,2866,3.787823282608696,51.33401,273.67149758222894,413.7259,France,-99,Europe,EU,,,0.0,Domestic,0.5509999999999999,0.0,0.5509999999999999,True,,True,251.0,EU
114,5.0,51.0,1050.1050341129303,275.91135,2832,4.577898962522852,51.68515,81.70331795242339,129.4757,Belgium,BEL,Europe,EU,,,0.0,Domestic,0.5509999999999999,0.0,0.5509999999999999,True,32.9,True,177.0,EU
115,5.0,52.0,1053.3899700641632,392.65805,3991,4.627643881700557,51.801575,33.827218682603345,47.8219,Netherlands,NLD,Europe,EU,,,0.0,Domestic,0.5509999999999999,0.0,0.5509999999999999,True,432.5,True,22.0,EU
116,6.0,44.0,1611.474986076355,271.8025,2661,5.339177316137766,43.32425,92.07556459763708,117.7637,France,-99,Europe,EU,,,0.0,Domestic,2.217,0.0,2.217,True,,True,69.0,EU
117,6.0,46.0,1337.3600125312803,156.19234,2661,5.339177316137766,43.32425,301.9233506548708,431.9571,France,-99,Europe,EU,,,0.0,Domestic,2.217,0.0,2.217,True,,True,178.0,EU
118,6.0,49.0,1119.4549679756165,280.78665,2832,4.577898962522852,51.68515,315.3567988133776,407.9631,France,-99,Europe,EU,,,0.0,Domestic,0.5509999999999999,0.0,0.5509999999999999,True,,True,162.0,EU
119,6.0,50.0,1052.2949624061584,243.30472,2832,4.577898962522852,51.68515,212.53691044545553,294.1617,Luxembourg,LUX,Europe,EU,,,0.0,Domestic,0.5509999999999999,0.0,0.5509999999999999,True,1.9,False,,EU
120,6.0,51.0,1080.7649874687197,328.37454,49022,4.625607328489423,51.75459505990148,127.296943283098,170.8176,Netherlands,NLD,Europe,EU,,,0.0,Domestic,0.5509999999999999,0.0,0.5509999999999999,True,432.5,True,95.0,EU
121,6.0,52.0,1021.2700355052948,210.89813,3991,4.627643881700557,51.801575,97.0030959859034,115.133,Netherlands,NLD,Europe,EU,,,0.0,Domestic,0.5509999999999999,0.0,0.5509999999999999,True,432.5,True,306.0,EU
122,6.0,53.0,1029.2999756336212,419.72507,27665,6.187063692883092,53.6429368,72.63154090289395,62.6926,Netherlands,NLD,Europe,EU,,,0.0,Domestic,0.5509999999999999,0.0,0.5509999999999999,True,432.5,True,21.0,EU
123,7.0,49.0,1135.8799958229065,309.70477,2832,4.577898962522852,51.68515,344.8306540056557,454.811,France,-99,Europe,EU,,,0.0,Domestic,0.5509999999999999,0.0,0.5509999999999999,True,,True,115.0,EU
124,7.0,50.0,1059.2299818992617,153.73459,2832,4.577898962522852,51.68515,253.44316958795497,345.2239,Germany,DEU,Europe,EU,,,0.0,Domestic,2.217,0.0,2.217,True,664.5,True,307.0,EU
125,7.0,51.0,1043.5349881649015,131.01848,3915,6.978047335715699,53.313235000000006,257.3987118323869,307.1688,Germany,DEU,Europe,EU,,,0.0,Domestic,2.217,0.0,2.217,True,664.5,True,310.0,EU
126,7.0,52.0,1030.394983291626,331.50052,3915,6.978047335715699,53.313235000000006,146.1440512629539,187.0989,Germany,DEU,Europe,EU,,,0.0,Domestic,0.5509999999999999,0.0,0.5509999999999999,True,664.5,True,89.0,EU
127,7.0,53.0,1013.6049818992616,305.24353,3915,6.978047335715699,53.313235000000006,34.89059438061674,52.5972,Netherlands,NLD,Europe,EU,,,0.0,Domestic,0.5509999999999999,0.0,0.5509999999999999,True,432.5,True,128.0,EU
128,8.0,44.0,1371.304988861084,461.66876,3703,8.439133715923173,44.266275,45.938793166364945,67.17869999999999,Italy,ITA,Europe,EU,,,0.0,Domestic,0.5509999999999999,0.0,0.5509999999999999,True,213.0,True,16.0,EU
129,8.0,45.0,1395.394983291626,28.932455,2822,8.498495178082196,44.315470000000005,85.72975389044522,153.5304,Italy,ITA,Europe,EU,,,0.0,Domestic,2.217,0.0,2.217,True,213.0,True,151.0,EU
130,8.0,49.0,1153.0349707603457,165.13803,2190,8.74636582953367,53.105649808,459.7314254769072,606.4771,France,-99,Europe,EU,,,0.0,Domestic,2.217,0.0,2.217,True,,True,268.0,EU
131,8.0,52.0,1040.2499651908877,299.1693,2489,8.551791724011215,53.1807813325,136.61227265234035,171.8702,Germany,DEU,Europe,EU,,,0.0,Domestic,0.5509999999999999,0.0,0.5509999999999999,True,664.5,True,137.0,EU
132,8.0,53.0,1010.685019493103,332.995,5144,8.466364854553763,53.23604,40.80470818483798,51.5149,Germany,DEU,Europe,EU,,,0.0,Domestic,0.5509999999999999,0.0,0.5509999999999999,True,664.5,True,87.0,EU
133,9.0,39.0,1550.8850264549255,137.06493,28654,9.09186357175,39.0381400285,9.01225533732416,12.79,Ocean / International,ITA,Europe,EU,,,0.0,Domestic,2.217,0.0,2.217,True,213.0,True,93.0,EU
134,9.0,40.0,1519.8600125312803,102.5675,3258,8.552953098958339,39.866755,40.97613200739448,60.576800000000006,Italy,ITA,Europe,EU,,,0.0,Domestic,2.217,0.0,2.217,True,213.0,True,104.0,EU
135,9.0,41.0,1497.960033416748,271.97083,3739,8.35684772245618,40.836355,57.145117381870925,69.2785,Italy,ITA,Europe,EU,,,0.0,Domestic,2.217,0.0,2.217,True,213.0,True,108.0,EU
136,9.0,42.0,1473.870038986206,58.17163,3739,8.35684772245618,40.836355,139.9743559082941,264.48440000000005,France,-99,Europe,EU,,,0.0,Domestic,2.217,0.0,2.217,True,,True,114.0,EU
137,9.0,48.0,1165.4450285434723,117.41299,41549,8.92555688215074,44.40901765599847,399.198011681562,529.0313000000001,Germany,DEU,Europe,EU,,,0.0,Domestic,2.217,0.0,2.217,True,664.5,True,262.0,EU
138,9.0,49.0,1142.8150153160095,164.32317,2190,8.74636582953367,53.105649808,457.09549087420487,603.2423,Germany,DEU,Europe,EU,,,0.0,Domestic,2.217,0.0,2.217,True,664.5,True,272.0,EU
139,9.0,52.0,1030.7599568367004,327.4138,2190,8.74636582953367,53.105649808,124.2310380373011,208.6536,Germany,DEU,Europe,EU,,,0.0,Domestic,0.5509999999999999,0.0,0.5509999999999999,True,664.5,True,96.0,EU
140,9.0,53.0,1023.459963798523,330.95276,2190,8.74636582953367,53.105649808,20.6758958624573,27.1917,Germany,DEU,Europe,EU,,,0.0,Domestic,0.5509999999999999,0.0,0.5509999999999999,True,664.5,True,90.0,EU
141,9.0,54.0,1071.2749791145325,376.44955,18659,9.071113121378763,53.8856830545,13.553752019158608,16.418400000000002,Germany,DEU,Europe,EU,,,0.0,Domestic,0.5509999999999999,0.0,0.5509999999999999,True,664.5,True,29.0,EU
142,9.0,55.0,1018.349986076355,360.12607,4110,9.44380641831966,55.024715,28.525226618333154,38.2544,Denmark,DNK,Europe,EU,,,0.0,Domestic,0.5509999999999999,0.0,0.5509999999999999,True,590.2,True,43.0,EU
143,9.0,56.0,979.660005569458,316.6169,2643,9.748885497835497,55.55625,68.18464849915598,87.2581,Denmark,DNK,Europe,EU,,,0.0,Domestic,0.5509999999999999,0.0,0.5509999999999999,True,590.2,True,107.0,EU
144,10.0,45.0,1384.8099672794342,75.81688,3921,9.873390831670545,44.070235,103.80686497103576,154.9494,Italy,ITA,Europe,EU,,,0.0,Domestic,2.217,0.0,2.217,True,213.0,True,155.0,EU
145,10.0,48.0,1178.585033416748,325.91687,3749,12.26216383901193,45.446435,332.36236864309274,573.0566,Germany,DEU,Europe,EU,,,0.0,Domestic,0.5509999999999999,0.0,0.5509999999999999,True,664.5,True,97.0,EU
146,10.0,50.0,1116.8999791145325,225.55647,2190,8.74636582953367,53.105649808,356.28834262349676,482.2538,Germany,DEU,Europe,EU,,,0.0,Domestic,0.5509999999999999,0.0,0.5509999999999999,True,664.5,True,279.0,EU
147,10.0,51.0,1034.4100403785706,161.16942,2190,8.74636582953367,53.105649808,249.56549736875397,312.9961,Germany,DEU,Europe,EU,,,0.0,Domestic,2.217,0.0,2.217,True,664.5,True,311.0,EU
148,10.0,52.0,1035.504961013794,298.38217,2189,9.9253212176329,53.51000300050001,168.1112035116985,200.0616,Germany,DEU,Europe,EU,,,0.0,Domestic,0.5509999999999999,0.0,0.5509999999999999,True,664.5,True,138.0,EU
149,10.0,56.0,1027.4750208854675,379.38992,2006,10.2698580132144,56.1511129885912,23.779780781051045,26.8313,Denmark,DNK,Europe,EU,,,0.0,Domestic,0.5509999999999999,0.0,0.5509999999999999,True,590.2,True,26.0,EU
150,10.0,57.0,1029.2999756336212,333.505,2441,9.89867362277359,57.05914144869894,9.013004192561642,11.5739,Denmark,DNK,Europe,EU,,,0.0,Domestic,0.5509999999999999,0.0,0.5509999999999999,True,590.2,True,85.0,EU
151,10.0,59.0,1113.980016708374,476.73505,3366,9.743168952504874,59.039055000000005,15.381169674866864,43.1581,Ocean / International,DNK,Europe,EU,,,0.0,Domestic,0.5509999999999999,0.0,0.5509999999999999,True,590.2,True,15.0,EU
152,11.0,43.0,1439.5600020885468,194.56355,18700,10.2871480045,43.496278859,79.94572030699226,106.2883,Italy,ITA,Europe,EU,,,0.0,Domestic,2.217,0.0,2.217,True,213.0,True,135.0,EU
153,11.0,45.0,1373.130030632019,102.64423,3749,12.26216383901193,45.446435,110.8517043488946,172.6935,Italy,ITA,Europe,EU,,,0.0,Domestic,2.217,0.0,2.217,True,213.0,True,160.0,EU
154,11.0,48.0,1193.185019493103,284.7192,3749,12.26216383901193,45.446435,299.8073228210945,504.3914,Germany,DEU,Europe,EU,,,0.0,Domestic,0.5509999999999999,0.0,0.5509999999999999,True,664.5,True,159.0,EU
155,11.0,49.0,1124.19997215271,136.21985,3749,12.26216383901193,45.446435,406.452683998438,675.1037,Germany,DEU,Europe,EU,,,0.0,Domestic,2.217,0.0,2.217,True,664.5,True,282.0,EU
156,11.0,50.0,1101.935019493103,178.5944,2189,9.9253212176329,53.51000300050001,397.5074253981519,562.9796,Germany,DEU,Europe,EU,,,0.0,Domestic,2.217,0.0,2.217,True,664.5,True,292.0,EU
157,11.0,52.0,1079.6699798107147,312.04214,2189,9.9253212176329,53.51000300050001,183.0266162715132,261.3764,Germany,DEU,Europe,EU,,,0.0,Domestic,0.5509999999999999,0.0,0.5509999999999999,True,664.5,True,112.0,EU
158,11.0,53.0,1035.8700215816498,265.58493,4935,10.808089927418433,53.88435,99.24593959841532,181.3896,Germany,DEU,Europe,EU,,,0.0,Domestic,0.5509999999999999,0.0,0.5509999999999999,True,664.5,True,205.0,EU
159,11.0,54.0,1026.3800132274628,563.2857,4825,10.85837271786972,53.947230000000005,10.993715556537968,17.666400000000003,Germany,DEU,Europe,EU,,,0.0,Domestic,0.5509999999999999,0.0,0.5509999999999999,True,664.5,True,12.0,EU
160,12.0,42.0,1530.0799679756165,222.28891,18707,11.7746355355,42.0552297955,19.645881232394917,20.9888,Italy,ITA,Europe,EU,,,0.0,Domestic,2.217,0.0,2.217,True,213.0,True,99.0,EU
161,12.0,43.0,1458.174958229065,177.15395,7050,11.726730654436397,42.124278333333336,99.83337719133448,152.0506,Italy,ITA,Europe,EU,,,0.0,Domestic,2.217,0.0,2.217,True,213.0,True,126.0,EU
162,12.0,44.0,1357.0699763298037,158.51472,4044,12.256269933637537,44.46402,55.476642145512294,67.31089999999999,Italy,ITA,Europe,EU,,,0.0,Domestic,2.217,0.0,2.217,True,213.0,True,163.0,EU
163,12.0,45.0,1357.0699763298037,121.14185,3749,12.26216383901193,45.446435,53.71786230008031,66.8732,Italy,ITA,Europe,EU,,,0.0,Domestic,2.217,0.0,2.217,True,213.0,True,164.0,EU
164,12.0,48.0,1178.2199728488922,129.58746,3749,12.26216383901193,45.446435,284.57426705921665,507.3547,Germany,DEU,Europe,EU,,,0.0,Domestic,2.217,0.0,2.217,True,664.5,True,256.0,EU
165,12.0,51.0,1090.9850299358368,287.18332,4935,10.808089927418433,53.88435,331.0202401192374,487.7084,Germany,DEU,Europe,EU,,,0.0,Domestic,0.5509999999999999,0.0,0.5509999999999999,True,664.5,True,157.0,EU
166,12.0,52.0,1089.5249617099762,252.33527,2554,12.106293399404963,54.141125,238.38699331928163,335.632,Germany,DEU,Europe,EU,,,0.0,Domestic,0.5509999999999999,0.0,0.5509999999999999,True,664.5,True,233.0,EU
167,12.0,53.0,1043.1700146198273,246.05733,2554,12.106293399404963,54.141125,127.19878387789343,167.6284,Germany,DEU,Europe,EU,,,0.0,Domestic,0.5509999999999999,0.0,0.5509999999999999,True,664.5,True,246.0,EU
168,12.0,54.0,1066.8950355052948,317.11282,2554,12.106293399404963,54.141125,17.18036046910739,30.944,Germany,DEU,Europe,EU,,,0.0,Domestic,0.5509999999999999,0.0,0.5509999999999999,True,664.5,True,106.0,EU
169,12.0,55.0,1088.7950146198273,426.7129,2924,11.25525662816392,55.18628,51.87386364383471,70.2058,Denmark,DNK,Europe,EU,,,0.0,Domestic,0.5509999999999999,0.0,0.5509999999999999,True,590.2,True,20.0,EU
170,13.0,38.0,1580.0849986076355,267.0656,3363,13.534070055703328,38.212235,52.43124467132815,68.3361,Italy,ITA,Europe,EU,,,0.0,Domestic,2.217,0.0,2.217,True,213.0,True,80.0,EU
171,13.0,42.0,1422.4050271511078,16.819757,2600,12.173345458651848,41.75847,73.67562227147593,92.7371,Italy,ITA,Europe,EU,,,0.0,Domestic,2.217,0.0,2.217,True,213.0,True,140.0,EU
172,13.0,46.0,1344.2950320243835,167.0559,2850,13.572483180994553,45.767525,51.405217775992185,62.6877,Italy,ITA,Europe,EU,,,0.0,Domestic,2.217,0.0,2.217,True,213.0,True,172.0,EU
173,13.0,48.0,1188.075041770935,149.03815,2850,13.572483180994553,45.767525,251.98567124317597,394.5078,Austria,AUT,Europe,EU,,,0.0,Domestic,2.217,0.0,2.217,True,75.6,True,253.0,EU
174,13.0,50.0,1081.4950215816498,323.06558,3264,14.653835344621596,53.4669,402.2710187203159,549.6214,Czechia,CZE,Europe,EU,,,0.0,Domestic,0.5509999999999999,0.0,0.5509999999999999,True,50.8,True,102.0,EU
175,13.0,51.0,1093.9049923419952,269.39996,3264,14.653835344621596,53.4669,296.8208414469341,403.2307,Germany,DEU,Europe,EU,,,0.0,Domestic,0.5509999999999999,0.0,0.5509999999999999,True,664.5,True,194.0,EU
176,13.0,52.0,1077.845025062561,236.78821,3264,14.653835344621596,53.4669,197.79432793602305,259.2288,Germany,DEU,Europe,EU,,,0.0,Domestic,0.5509999999999999,0.0,0.5509999999999999,True,664.5,True,258.0,EU
177,13.0,53.0,1049.0100264549255,228.41553,2554,12.106293399404963,54.141125,140.12359838197725,184.6079,Germany,DEU,Europe,EU,,,0.0,Domestic,0.5509999999999999,0.0,0.5509999999999999,True,664.5,True,274.0,EU
178,13.0,56.0,1044.265022277832,310.0614,22312,12.869272129400674,55.783916688,25.41100766136499,36.6386,Sweden,SWE,Europe,EU,,,0.0,Domestic,0.5509999999999999,0.0,0.5509999999999999,True,608.0,True,113.0,EU
179,13.0,57.0,969.8050236701964,148.20439,2979,12.841774970588236,56.65363,39.76196263905942,51.8786,Sweden,SWE,Europe,EU,,,0.0,Domestic,2.217,0.0,2.217,True,608.0,True,322.0,EU
180,14.0,38.0,1546.140022277832,311.2365,3363,13.534070055703328,38.212235,47.16869359254516,63.7164,Italy,ITA,Europe,EU,,,0.0,Domestic,2.217,0.0,2.217,True,213.0,True,94.0,EU
181,14.0,42.0,1404.5200181007383,33.16247,2414,14.416816899165234,42.35175759997219,52.082731024862255,107.0948,Italy,ITA,Europe,EU,,,0.0,Domestic,2.217,0.0,2.217,True,213.0,True,144.0,EU
182,14.0,45.0,1396.1250174045565,181.43217,4078,14.429639271643968,45.220045,41.72748344450659,114.2699,Croatia,HRV,Europe,EU,,,0.0,Domestic,2.217,0.0,2.217,True,33.9,True,150.0,EU
183,14.0,48.0,1149.0200006961825,197.57132,2850,13.572483180994553,45.767525,250.3099250272324,458.4105,Austria,AUT,Europe,EU,,,0.0,Domestic,2.217,0.0,2.217,True,75.6,True,270.0,EU
184,14.0,50.0,1072.3699867725372,73.85061,3264,14.653835344621596,53.4669,388.366012038308,527.0511,Czechia,CZE,Europe,EU,,,0.0,Domestic,2.217,0.0,2.217,True,50.8,True,301.0,EU
185,14.0,51.0,1076.3849568367004,231.93167,3264,14.653835344621596,53.4669,278.1038560989801,375.6986,Germany,DEU,Europe,EU,,,0.0,Domestic,0.5509999999999999,0.0,0.5509999999999999,True,664.5,True,267.0,EU
186,14.0,53.0,1075.6550097465515,273.46786,3264,14.653835344621596,53.4669,67.86814168868311,86.9345,Germany,DEU,Europe,EU,,,0.0,Domestic,0.5509999999999999,0.0,0.5509999999999999,True,664.5,True,186.0,EU
187,14.0,56.0,1036.2349951267242,268.3433,10098,14.86069152253392,56.10550332348794,54.89887093335178,72.3041,Sweden,SWE,Europe,EU,,,0.0,Domestic,0.5509999999999999,0.0,0.5509999999999999,True,608.0,True,198.0,EU
188,14.0,57.0,980.7550132274628,278.33398,2979,12.841774970588236,56.65363,80.5480856289296,96.302,Sweden,SWE,Europe,EU,,,0.0,Domestic,0.5509999999999999,0.0,0.5509999999999999,True,608.0,True,170.0,EU
189,15.0,37.0,1593.9550375938416,242.30814,2971,15.213643172112018,37.17904,27.48806047825981,38.1762,Italy,ITA,Europe,EU,,,0.0,Domestic,2.217,0.0,2.217,True,213.0,True,75.0,EU
190,15.0,38.0,1442.4799644947052,284.79044,2769,15.291621443264765,38.220705,35.415352524915704,58.7952,Italy,ITA,Europe,EU,,,0.0,Domestic,2.217,0.0,2.217,True,213.0,True,132.0,EU
191,15.0,41.0,1452.335033416748,129.57986,4926,14.749596340258856,40.667095,42.577103463827406,62.7329,Italy,ITA,Europe,EU,,,0.0,Domestic,2.217,0.0,2.217,True,213.0,True,129.0,EU
192,15.0,42.0,1470.9500765800476,235.3925,28644,15.031133353867634,42.0452594795,5.64985198925542,1.0968,Italy,ITA,Europe,EU,,,0.0,Domestic,2.217,0.0,2.217,True,213.0,True,116.0,EU
193,15.0,50.0,1125.6600403785706,208.32867,3264,14.653835344621596,53.4669,386.4742510929419,549.0114,Czechia,CZE,Europe,EU,,,0.0,Domestic,2.217,0.0,2.217,True,50.8,True,280.0,EU
194,15.0,51.0,1092.8099846839905,331.9832,3264,14.653835344621596,53.4669,275.51225315332175,375.539,Czechia,CZE,Europe,EU,,,0.0,Domestic,0.5509999999999999,0.0,0.5509999999999999,True,50.8,True,88.0,EU
195,15.0,53.0,1072.7349603176117,301.35706,3264,14.653835344621596,53.4669,56.87083038131963,85.5695,Poland,POL,Europe,EU,,,0.0,Domestic,0.5509999999999999,0.0,0.5509999999999999,True,229.3,True,134.0,EU
196,15.0,55.0,1125.2949798107147,618.08765,10098,14.86069152253392,56.10550332348794,123.39327948678478,238.7295,Ocean / International,SWE,Europe,EU,,,0.0,Domestic,0.5509999999999999,0.0,0.5509999999999999,True,608.0,True,6.0,EU
197,15.0,58.0,1020.5400013923644,278.4774,3115,16.24357925491266,58.619595,100.38197725621764,122.1315,Sweden,SWE,Europe,EU,,,0.0,Domestic,0.5509999999999999,0.0,0.5509999999999999,True,608.0,True,168.0,EU
198,15.0,59.0,1023.459963798523,176.22571,3115,16.24357925491266,58.619595,83.42882378184261,109.0544,Sweden,SWE,Europe,EU,,,0.0,Domestic,2.217,0.0,2.217,True,608.0,True,315.0,EU
199,16.0,40.0,1461.825041770935,75.33473,3421,17.187979790456758,40.466865,113.6145744844984,156.1616,Italy,ITA,Europe,EU,,,0.0,Domestic,2.217,0.0,2.217,True,213.0,True,125.0,EU
200,16.0,41.0,1465.109977722168,244.17337,3095,16.859498916925467,41.13232,73.72080663523131,108.781,Italy,ITA,Europe,EU,,,0.0,Domestic,2.217,0.0,2.217,True,213.0,True,123.0,EU
201,16.0,43.0,1519.1300654411316,336.64523,2552,14.933335,42.2,124.73989590070516,1280.3296,Ocean / International,HRV,Europe,EU,,,0.0,Domestic,0.5509999999999999,0.0,0.5509999999999999,True,33.9,True,82.0,EU
202,16.0,44.0,1447.955002784729,359.06924,3530,17.432615846324552,43.041215,157.35767540666632,220.3873,Croatia,HRV,Europe,EU,,,0.0,Domestic,0.5509999999999999,0.0,0.5509999999999999,True,33.9,True,47.0,EU
203,16.0,46.0,1245.745038986206,136.81094,4078,14.429639271643968,45.220045,150.0624779103285,199.5009,Croatia,HRV,Europe,EU,,,0.0,Domestic,2.217,0.0,2.217,True,33.9,True,231.0,EU
204,16.0,47.0,1246.8399596214294,89.84395,4078,14.429639271643968,45.220045,232.1148633848207,347.6496,Austria,AUT,Europe,EU,,,0.0,Domestic,2.217,0.0,2.217,True,75.6,True,230.0,EU
205,16.0,48.0,1157.4150013923645,442.90408,4078,14.429639271643968,45.220045,331.5997138165879,502.6817,Austria,AUT,Europe,EU,,,0.0,Domestic,0.5509999999999999,0.0,0.5509999999999999,True,75.6,True,17.0,EU
206,16.0,49.0,1142.0849812030792,129.7458,2850,13.572483180994553,45.767525,403.3742120213094,605.3231999999999,Czechia,CZE,Europe,EU,,,0.0,Domestic,2.217,0.0,2.217,True,50.8,True,273.0,EU
207,16.0,50.0,1130.7700181007383,190.32619,3264,14.653835344621596,53.4669,396.7679553295051,495.9528,Czechia,CZE,Europe,EU,,,0.0,Domestic,2.217,0.0,2.217,True,50.8,True,278.0,EU
208,16.0,54.0,1051.929988861084,264.0335,3264,14.653835344621596,53.4669,106.82809527167817,149.8466,Poland,POL,Europe,EU,,,0.0,Domestic,0.5509999999999999,0.0,0.5509999999999999,True,229.3,True,206.0,EU
209,16.0,57.0,1021.9999825954436,181.68811,3508,14.87077080392157,56.14936,117.4243716109236,151.0824,Sweden,SWE,Europe,EU,,,0.0,Domestic,2.217,0.0,2.217,True,608.0,True,316.0,EU
210,16.0,58.0,1024.5549714565277,115.25171,3115,16.24357925491266,58.619595,70.47398191801312,103.7723,Sweden,SWE,Europe,EU,,,0.0,Domestic,2.217,0.0,2.217,True,608.0,True,314.0,EU
211,17.0,39.0,1579.720025062561,218.8521,4255,15.915575253852657,38.464650000000006,111.4570790273401,155.0648,Italy,ITA,Europe,EU,,,0.0,Domestic,2.217,0.0,2.217,True,213.0,True,81.0,EU
212,17.0,41.0,1527.889952659607,205.39143,3095,16.859498916925467,41.13232,18.85195233142538,23.3824,Italy,ITA,Europe,EU,,,0.0,Domestic,2.217,0.0,2.217,True,213.0,True,100.0,EU
213,17.0,47.0,1253.0450320243835,188.55737,4078,14.429639271643968,45.220045,280.38199367721876,362.3059,Hungary,HUN,Europe,EU,,,0.0,Domestic,2.217,0.0,2.217,True,50.3,True,227.0,EU
214,17.0,48.0,1218.7349951267242,274.1583,4078,14.429639271643968,45.220045,366.3814501779079,538.9249,Hungary,HUN,Europe,EU,,,0.0,Domestic,0.5509999999999999,0.0,0.5509999999999999,True,50.3,True,181.0,EU
215,17.0,49.0,1169.82497215271,191.70352,4078,14.429639271643968,45.220045,463.2352273562798,640.7659,Czechia,CZE,Europe,EU,,,0.0,Domestic,2.217,0.0,2.217,True,50.8,True,260.0,EU
216,17.0,50.0,1097.1900153160095,68.89196,3264,14.653835344621596,53.4669,418.34678754229463,513.3741,Czechia,CZE,Europe,EU,,,0.0,Domestic,2.217,0.0,2.217,True,50.8,True,295.0,EU
217,17.0,51.0,1117.2650396823883,234.85196,3264,14.653835344621596,53.4669,317.82876532148197,406.5259,Poland,POL,Europe,EU,,,0.0,Domestic,0.5509999999999999,0.0,0.5509999999999999,True,229.3,True,261.0,EU
218,17.0,54.0,1030.7599568367004,191.66711,2732,18.54885144521912,54.532995,117.0605197565642,157.0348,Poland,POL,Europe,EU,,,0.0,Domestic,2.217,0.0,2.217,True,229.3,True,312.0,EU
219,17.0,59.0,1040.2499651908877,247.4178,3320,17.13396368703008,58.670065,37.557622561727165,55.4288,Sweden,SWE,Europe,EU,,,0.0,Domestic,0.5509999999999999,0.0,0.5509999999999999,True,608.0,True,241.0,EU
220,18.0,40.0,1570.230016708374,283.84033,26097,18.12733891390145,40.627176789,70.47824178134759,88.23,Ocean / International,ITA,Europe,EU,,,0.0,Domestic,2.217,0.0,2.217,True,213.0,True,83.0,EU
221,18.0,46.0,1275.674958229065,135.38618,3530,17.432615846324552,43.041215,331.8645247062481,724.128,Hungary,HUN,Europe,EU,,,0.0,Domestic,2.217,0.0,2.217,True,50.3,True,212.0,EU
222,18.0,47.0,1248.6650013923645,195.6179,4078,14.429639271643968,45.220045,339.54952405032014,444.6499,Hungary,HUN,Europe,EU,,,0.0,Domestic,2.217,0.0,2.217,True,50.3,True,229.0,EU
223,18.0,48.0,1242.4600160121918,211.37823,4078,14.429639271643968,45.220045,412.5934698826015,560.5482,Slovakia,SVK,Europe,EU,,,0.0,Domestic,2.217,0.0,2.217,True,19.9,True,232.0,EU
224,18.0,50.0,1131.134991645813,237.14075,2729,18.70539705942623,54.380135,489.75581627839074,652.5821,Czechia,CZE,Europe,EU,,,0.0,Domestic,0.5509999999999999,0.0,0.5509999999999999,True,50.8,True,257.0,EU
225,18.0,51.0,1100.109977722168,179.29434,2729,18.70539705942623,54.380135,379.1492217167833,503.201,Poland,POL,Europe,EU,,,0.0,Domestic,2.217,0.0,2.217,True,229.3,True,294.0,EU
226,18.0,54.0,1026.0150396823883,186.38826,2732,18.54885144521912,54.532995,69.27161321085703,96.6336,Poland,POL,Europe,EU,,,0.0,Domestic,2.217,0.0,2.217,True,229.3,True,313.0,EU
227,18.0,59.0,1082.2249686717987,292.1359,3162,17.969714275510206,58.924710000000005,8.566008790591043,23.687900000000003,Ocean / International,SWE,Europe,EU,,,0.0,Domestic,0.5509999999999999,0.0,0.5509999999999999,True,608.0,True,145.0,EU
228,19.0,45.0,1256.6950285434723,62.232502,3530,17.432615846324552,43.041215,251.30938111135185,405.6588,Croatia,HRV,Europe,EU,,,0.0,Domestic,2.217,0.0,2.217,True,33.9,True,220.0,EU
229,19.0,46.0,1286.990008354187,164.5397,3530,17.432615846324552,43.041215,351.5887782844162,532.8632,Hungary,HUN,Europe,EU,,,0.0,Domestic,2.217,0.0,2.217,True,50.3,True,207.0,EU
230,19.0,47.0,1277.1350264549255,204.58133,3530,17.432615846324552,43.041215,456.9372539262412,857.8687,Hungary,HUN,Europe,EU,,,0.0,Domestic,2.217,0.0,2.217,True,50.3,True,210.0,EU
231,19.0,50.0,1100.4750382900238,180.48557,2729,18.70539705942623,54.380135,487.7962738989426,578.8549,Poland,POL,Europe,EU,,,0.0,Domestic,2.217,0.0,2.217,True,229.3,True,293.0,EU
232,19.0,51.0,1087.7000069618225,220.28168,2729,18.70539705942623,54.380135,376.6687407032516,459.8136,Poland,POL,Europe,EU,,,0.0,Domestic,0.5509999999999999,0.0,0.5509999999999999,True,229.3,True,291.0,EU
233,19.0,52.0,1094.6350264549255,269.34274,2729,18.70539705942623,54.380135,265.6150304591064,309.7203,Poland,POL,Europe,EU,,,0.0,Domestic,0.5509999999999999,0.0,0.5509999999999999,True,229.3,True,195.0,EU
234,19.0,53.0,1085.8749651908877,289.19946,2729,18.70539705942623,54.380135,154.83553928489664,185.192,Poland,POL,Europe,EU,,,0.0,Domestic,0.5509999999999999,0.0,0.5509999999999999,True,229.3,True,153.0,EU
235,19.0,54.0,1075.290036201477,330.75372,22294,18.87494843790324,54.453473584,51.13041179617176,64.2004,Poland,POL,Europe,EU,,,0.0,Domestic,0.5509999999999999,0.0,0.5509999999999999,True,229.3,True,91.0,EU
236,20.0,47.0,1277.8649735450745,189.38255,3530,17.432615846324552,43.041215,484.18425998638526,946.0672,Hungary,HUN,Europe,EU,,,0.0,Domestic,2.217,0.0,2.217,True,50.3,True,209.0,EU
237,20.0,48.0,1215.44997215271,72.83537,3530,17.432615846324552,43.041215,586.4060487188018,962.3472,Hungary,HUN,Europe,EU,,,0.0,Domestic,2.217,0.0,2.217,True,50.3,True,245.0,EU
238,20.0,50.0,1108.1400048732758,111.821815,2729,18.70539705942623,54.380135,495.3338444964552,616.2749,Poland,POL,Europe,EU,,,0.0,Domestic,2.217,0.0,2.217,True,229.3,True,290.0,EU
239,20.0,51.0,1081.129961013794,150.08585,1269,19.80356472115065,54.604542804,401.3406161468511,642.2615,Poland,POL,Europe,EU,,,0.0,Domestic,2.217,0.0,2.217,True,229.3,True,299.0,EU
240,20.0,52.0,1089.5249617099762,211.16164,1269,19.80356472115065,54.604542804,290.15986626406266,549.7531,Poland,POL,Europe,EU,,,0.0,Domestic,2.217,0.0,2.217,True,229.3,True,296.0,EU
241,20.0,53.0,1089.890022277832,302.72485,1269,19.80356472115065,54.604542804,179.05584250386536,343.6316,Poland,POL,Europe,EU,,,0.0,Domestic,0.5509999999999999,0.0,0.5509999999999999,True,229.3,True,130.0,EU
242,20.0,54.0,1065.4349672794342,227.56334,1269,19.80356472115065,54.604542804,68.49626231097594,176.4974,Poland,POL,Europe,EU,,,0.0,Domestic,0.5509999999999999,0.0,0.5509999999999999,True,229.3,True,275.0,EU
243,21.0,46.0,1276.7699658870697,156.30243,3081,19.082441277974088,42.097555,460.00024278966595,675.9629,Romania,ROU,Europe,EU,,,0.0,Domestic,2.217,0.0,2.217,True,112.4,True,211.0,EU
244,21.0,47.0,1257.790036201477,179.7639,3081,19.082441277974088,42.097555,565.633056508707,806.4095,Hungary,HUN,Europe,EU,,,0.0,Domestic,2.217,0.0,2.217,True,50.3,True,218.0,EU
245,21.0,48.0,1226.3999617099762,146.23926,3530,17.432615846324552,43.041215,617.4256369150187,1018.3311,Hungary,HUN,Europe,EU,,,0.0,Domestic,2.217,0.0,2.217,True,50.3,True,236.0,EU
246,21.0,49.0,1150.115008354187,93.933426,1269,19.80356472115065,54.604542804,628.9927159714708,948.7383,Slovakia,SVK,Europe,EU,,,0.0,Domestic,2.217,0.0,2.217,True,19.9,True,269.0,EU
247,21.0,50.0,1110.3300201892853,171.79857,4142,20.129546733333328,54.675535,523.6243532436923,687.989,Poland,POL,Europe,EU,,,0.0,Domestic,2.217,0.0,2.217,True,229.3,True,289.0,EU
248,21.0,52.0,1082.2249686717987,183.16887,4142,20.129546733333328,54.675535,303.3534264903765,441.6971,Poland,POL,Europe,EU,,,0.0,Domestic,2.217,0.0,2.217,True,229.3,True,298.0,EU
249,21.0,53.0,1089.890022277832,242.60475,4142,20.129546733333328,54.675535,195.09127805993091,247.3357,Poland,POL,Europe,EU,,,0.0,Domestic,0.5509999999999999,0.0,0.5509999999999999,True,229.3,True,252.0,EU
250,21.0,54.0,1073.464994430542,307.75156,4142,20.129546733333328,54.675535,94.12487755368812,126.4423,Poland,POL,Europe,EU,,,0.0,Domestic,0.5509999999999999,0.0,0.5509999999999999,True,229.3,True,122.0,EU
251,22.0,39.0,1407.8050410747528,116.36514,4355,21.84729378997093,38.334555,75.0564398178657,177.1866,Greece,GRC,Europe,EU,,,0.0,Domestic,2.217,0.0,2.217,True,101.2,True,142.0,EU
252,22.0,40.0,1466.5700459480286,259.13763,3495,22.90857636763824,40.63058,104.24420652822252,144.26579999999998,Greece,GRC,Europe,EU,,,0.0,Domestic,2.217,0.0,2.217,True,101.2,True,119.0,EU
253,22.0,41.0,1394.665036201477,615.5286,3495,22.90857636763824,40.63058,86.94278547146162,109.9682,Greece,GRC,Europe,EU,,,0.0,Domestic,0.5509999999999999,0.0,0.5509999999999999,True,101.2,True,7.0,EU
254,22.0,47.0,1255.2349603176117,138.91022,3081,19.082441277974088,42.097555,591.9409295568245,865.3556,Romania,ROU,Europe,EU,,,0.0,Domestic,2.217,0.0,2.217,True,112.4,True,222.0,EU
255,22.0,48.0,1228.5899770259855,128.69012,3081,19.082441277974088,42.097555,694.9187000862084,1075.8624,Hungary,HUN,Europe,EU,,,0.0,Domestic,2.217,0.0,2.217,True,50.3,True,235.0,EU
256,22.0,49.0,1157.05002784729,64.52055,4142,20.129546733333328,54.675535,644.4464692357295,865.3908,Slovakia,SVK,Europe,EU,,,0.0,Domestic,2.217,0.0,2.217,True,19.9,True,264.0,EU
257,22.0,50.0,1125.2949798107147,238.4895,4142,20.129546733333328,54.675535,535.6047958416693,735.0733,Poland,POL,Europe,EU,,,0.0,Domestic,0.5509999999999999,0.0,0.5509999999999999,True,229.3,True,255.0,EU
258,22.0,51.0,1112.5200355052948,202.69273,4142,20.129546733333328,54.675535,427.9655092500918,594.3145,Poland,POL,Europe,EU,,,0.0,Domestic,2.217,0.0,2.217,True,229.3,True,287.0,EU
259,22.0,52.0,1096.0950076580048,222.19205,4142,20.129546733333328,54.675535,322.75397770705393,500.6098,Poland,POL,Europe,EU,,,0.0,Domestic,0.5509999999999999,0.0,0.5509999999999999,True,229.3,True,288.0,EU
260,22.0,53.0,1081.129961013794,232.41003,4142,20.129546733333328,54.675535,223.45535276983895,281.19,Poland,POL,Europe,EU,,,0.0,Domestic,0.5509999999999999,0.0,0.5509999999999999,True,229.3,True,266.0,EU
261,22.0,54.0,1069.084963798523,276.45782,3697,21.13581203708845,55.68641,195.76532004218353,317.39059999999995,Poland,POL,Europe,EU,,,0.0,Domestic,0.5509999999999999,0.0,0.5509999999999999,True,229.3,True,176.0,EU
262,22.0,56.0,1042.439980506897,230.04442,3697,21.13581203708845,55.68641,64.41881071589385,73.6636,Lithuania,LTU,Europe,EU,,,0.0,Domestic,0.5509999999999999,0.0,0.5509999999999999,True,42.3,True,271.0,EU
263,23.0,37.0,1464.7450041770935,98.01932,5478,22.11289718143539,37.02275,78.99081254977374,152.2067,Ocean / International,GRC,Europe,EU,,,0.0,Domestic,2.217,0.0,2.217,True,101.2,True,124.0,EU
264,23.0,41.0,1470.219955444336,106.71223,3495,22.90857636763824,40.63058,41.74304568838374,56.7924,Greece,GRC,Europe,EU,,,0.0,Domestic,2.217,0.0,2.217,True,101.2,True,117.0,EU
265,23.0,42.0,1396.1250174045565,97.74163,3495,22.90857636763824,40.63058,152.2803099564922,202.5414,Bulgaria,BGR,Europe,EU,,,0.0,Domestic,2.217,0.0,2.217,True,45.5,True,149.0,EU
266,23.0,43.0,1329.6949589252472,85.705284,3495,22.90857636763824,40.63058,263.280367517948,342.2425,Bulgaria,BGR,Europe,EU,,,0.0,Domestic,2.217,0.0,2.217,True,45.5,True,182.0,EU
267,23.0,44.0,1324.5849812030792,189.53314,3495,22.90857636763824,40.63058,374.34910008753286,506.0329,Romania,ROU,Europe,EU,,,0.0,Domestic,2.217,0.0,2.217,True,112.4,True,190.0,EU
268,23.0,45.0,1312.5399839878082,17.12764,3540,24.453107097656257,40.936795,466.67467188601427,733.8235999999999,Romania,ROU,Europe,EU,,,0.0,Domestic,2.217,0.0,2.217,True,112.4,True,193.0,EU
269,23.0,46.0,1223.8449728488922,29.64377,3540,24.453107097656257,40.936795,574.6601140058019,995.0459,Romania,ROU,Europe,EU,,,0.0,Domestic,2.217,0.0,2.217,True,112.4,True,238.0,EU
270,23.0,48.0,1224.210033416748,121.4624,3015,28.65831452538937,44.33846,596.8539571400464,881.8223,Romania,ROU,Europe,EU,,,0.0,Domestic,2.217,0.0,2.217,True,112.4,True,237.0,EU
271,23.0,50.0,1113.980016708374,205.67442,4142,20.129546733333328,54.675535,555.715438831339,749.8524,Poland,POL,Europe,EU,,,0.0,Domestic,2.217,0.0,2.217,True,229.3,True,286.0,EU
272,23.0,51.0,1131.134991645813,267.36716,4142,20.129546733333328,54.675535,452.36479246076925,627.3824000000001,Poland,POL,Europe,EU,,,0.0,Domestic,0.5509999999999999,0.0,0.5509999999999999,True,229.3,True,200.0,EU
273,23.0,53.0,1080.0350403785706,245.54951,3697,21.13581203708845,55.68641,322.6406515205129,483.4859,Poland,POL,Europe,EU,,,0.0,Domestic,0.5509999999999999,0.0,0.5509999999999999,True,229.3,True,248.0,EU
274,23.0,55.0,1055.2150118350985,197.9891,3697,21.13581203708845,55.68641,140.80839831220806,168.5369,Lithuania,LTU,Europe,EU,,,0.0,Domestic,2.217,0.0,2.217,True,42.3,True,308.0,EU
275,23.0,56.0,1044.6299958229065,234.27734,23387,23.879641030699464,57.1145571855,135.38045395394192,165.1984,Lithuania,LTU,Europe,EU,,,0.0,Domestic,0.5509999999999999,0.0,0.5509999999999999,True,42.3,True,263.0,EU
276,24.0,41.0,1482.9950737953186,81.90857,3540,24.453107097656257,40.936795,38.78090326243557,47.0165,Greece,GRC,Europe,EU,,,0.0,Domestic,2.217,0.0,2.217,True,101.2,True,111.0,EU
277,24.0,44.0,1347.9450285434723,142.5079,3540,24.453107097656257,40.936795,342.3008410097767,656.992,Romania,ROU,Europe,EU,,,0.0,Domestic,2.217,0.0,2.217,True,112.4,True,169.0,EU
278,24.0,46.0,1298.3049714565277,170.11359,3733,27.85046226244344,43.192375,436.7097553354516,582.4683,Romania,ROU,Europe,EU,,,0.0,Domestic,2.217,0.0,2.217,True,112.4,True,203.0,EU
279,24.0,47.0,1238.810019493103,73.05023,3015,28.65831452538937,44.33846,468.1190922841752,671.7156,Romania,ROU,Europe,EU,,,0.0,Domestic,2.217,0.0,2.217,True,112.4,True,234.0,EU
280,24.0,54.0,1020.904974937439,100.64737,4075,24.09501611899418,57.0163,335.8665923999967,418.3448,Lithuania,LTU,Europe,EU,,,0.0,Domestic,2.217,0.0,2.217,True,42.3,True,317.0,EU
281,24.0,55.0,1045.7250034809113,243.79742,4075,24.09501611899418,57.0163,224.5769077656844,254.4715,Lithuania,LTU,Europe,EU,,,0.0,Domestic,0.5509999999999999,0.0,0.5509999999999999,True,42.3,True,250.0,EU
282,24.0,56.0,1059.9600160121918,247.29355,4075,24.09501611899418,57.0163,113.31713032134232,130.3888,Lithuania,LTU,Europe,EU,,,0.0,Domestic,0.5509999999999999,0.0,0.5509999999999999,True,42.3,True,243.0,EU
283,24.0,57.0,1070.910005569458,216.72623,4075,24.09501611899418,57.0163,6.051712339777494,10.0663,Latvia,LVA,Europe,EU,,,0.0,Domestic,0.5509999999999999,0.0,0.5509999999999999,True,46.4,True,297.0,EU
284,25.0,35.0,1702.3600125312803,235.53386,6197,24.80485800721272,34.927795,19.53943193626498,38.0129,Greece,GRC,Europe,EU,,,0.0,Domestic,2.217,0.0,2.217,True,101.2,True,32.0,EU
285,25.0,41.0,1496.134991645813,222.7581,3540,24.453107097656257,40.936795,46.56686644431006,65.9678,Greece,GRC,Europe,EU,,,0.0,Domestic,2.217,0.0,2.217,True,101.2,True,109.0,EU
286,25.0,42.0,1384.4449937343595,111.40084,3540,24.453107097656257,40.936795,126.61160452821844,243.4334,Bulgaria,BGR,Europe,EU,,,0.0,Domestic,2.217,0.0,2.217,True,45.5,True,156.0,EU
287,25.0,43.0,1328.6000382900238,90.644936,3540,24.453107097656257,40.936795,233.604856040548,390.2428,Bulgaria,BGR,Europe,EU,,,0.0,Domestic,2.217,0.0,2.217,True,45.5,True,185.0,EU
288,25.0,44.0,1325.679988861084,144.23967,3443,27.548198509966497,42.49387,266.10864394917775,394.8088,Romania,ROU,Europe,EU,,,0.0,Domestic,2.217,0.0,2.217,True,112.4,True,189.0,EU
289,25.0,45.0,1341.3749825954435,53.908897,3733,27.85046226244344,43.192375,304.0072964180811,403.9945,Romania,ROU,Europe,EU,,,0.0,Domestic,2.217,0.0,2.217,True,112.4,True,175.0,EU
290,25.0,46.0,1297.9399979114532,171.12656,3733,27.85046226244344,43.192375,385.3791110876496,541.6751999999999,Romania,ROU,Europe,EU,,,0.0,Domestic,2.217,0.0,2.217,True,112.4,True,204.0,EU
291,25.0,55.0,1032.220025062561,235.76859,4075,24.09501611899418,57.0163,231.4822433764001,256.8803,Lithuania,LTU,Europe,EU,,,0.0,Domestic,0.5509999999999999,0.0,0.5509999999999999,True,42.3,True,259.0,EU
292,25.0,56.0,1048.2799923419952,248.06914,4075,24.09501611899418,57.0163,126.1377667893305,141.4178,Lithuania,LTU,Europe,EU,,,0.0,Domestic,0.5509999999999999,0.0,0.5509999999999999,True,42.3,True,239.0,EU
293,25.0,57.0,1032.220025062561,223.48291,4075,24.09501611899418,57.0163,55.015374212796814,72.44930000000001,Latvia,LVA,Europe,EU,,,0.0,Domestic,0.5509999999999999,0.0,0.5509999999999999,True,46.4,True,285.0,EU
294,25.0,59.0,1021.9999825954436,261.8052,1968,25.11254546552135,59.510000003,57.17539763937279,80.06710000000001,Estonia,EST,Europe,EU,,,0.0,Domestic,0.5509999999999999,0.0,0.5509999999999999,True,58.6,True,208.0,EU
295,26.0,41.0,1407.439980506897,206.42456,6378,26.671841148881235,40.40304,87.28322678423498,158.2972,Greece,GRC,Europe,EU,,,0.0,Domestic,2.217,0.0,2.217,True,101.2,True,143.0,EU
296,26.0,42.0,1397.5849986076355,168.51082,3443,27.548198509966497,42.49387,139.04811490256742,213.9028,Bulgaria,BGR,Europe,EU,,,0.0,Domestic,2.217,0.0,2.217,True,45.5,True,148.0,EU
297,26.0,44.0,1329.6949589252472,169.91281,3733,27.85046226244344,43.192375,174.2872922299958,222.6131,Romania,ROU,Europe,EU,,,0.0,Domestic,2.217,0.0,2.217,True,112.4,True,183.0,EU
298,26.0,48.0,1213.9899909496307,182.42393,3015,28.65831452538937,44.33846,455.7705402808182,562.494,Romania,ROU,Europe,EU,,,0.0,Domestic,2.217,0.0,2.217,True,112.4,True,247.0,EU
299,26.0,55.0,1020.17502784729,133.22478,4075,24.09501611899418,57.0163,253.98581560313036,292.7962,Lithuania,LTU,Europe,EU,,,0.0,Domestic,2.217,0.0,2.217,True,42.3,True,319.0,EU
300,26.0,56.0,1037.330002784729,278.5431,4075,24.09501611899418,57.0163,162.97386245234614,188.2634,Latvia,LVA,Europe,EU,,,0.0,Domestic,0.5509999999999999,0.0,0.5509999999999999,True,46.4,True,167.0,EU
301,26.0,57.0,1024.1899979114532,214.1974,4075,24.09501611899418,57.0163,115.7552038518792,145.9888,Latvia,LVA,Europe,EU,,,0.0,Domestic,0.5509999999999999,0.0,0.5509999999999999,True,46.4,True,300.0,EU
302,26.0,58.0,1020.5400013923644,174.33505,1968,25.11254546552135,59.510000003,175.8652665210156,226.3326,Estonia,EST,Europe,EU,,,0.0,Domestic,2.217,0.0,2.217,True,58.6,True,318.0,EU
303,26.0,59.0,1022.3650431632996,255.02484,1968,25.11254546552135,59.510000003,76.09801386915595,97.2834,Estonia,EST,Europe,EU,,,0.0,Domestic,0.5509999999999999,0.0,0.5509999999999999,True,58.6,True,228.0,EU
304,27.0,43.0,1334.8050236701963,193.68547,3443,27.548198509966497,42.49387,71.94250644973829,135.3355,Bulgaria,BGR,Europe,EU,,,0.0,Domestic,2.217,0.0,2.217,True,45.5,True,180.0,EU
305,27.0,44.0,1342.105016708374,159.87901,3733,27.85046226244344,43.192375,112.99237957864196,177.7876,Bulgaria,BGR,Europe,EU,,,0.0,Domestic,2.217,0.0,2.217,True,45.5,True,174.0,EU
306,27.0,45.0,1324.5849812030792,236.05824,3015,28.65831452538937,44.33846,150.65178301365583,224.2446,Romania,ROU,Europe,EU,,,0.0,Domestic,2.217,0.0,2.217,True,112.4,True,191.0,EU
307,27.0,47.0,1257.0600020885468,155.37373,3015,28.65831452538937,44.33846,322.7887848255252,419.7474,Romania,ROU,Europe,EU,,,0.0,Domestic,2.217,0.0,2.217,True,112.4,True,219.0,EU
308,27.0,48.0,1220.1949763298037,158.52803,3228,30.64456033199195,46.342805,332.03752444680674,411.7655,Romania,ROU,Europe,EU,,,0.0,Domestic,2.217,0.0,2.217,True,112.4,True,242.0,EU
309,27.0,56.0,1040.2499651908877,207.47713,4075,24.09501611899418,57.0163,211.6311561021871,251.9039,Latvia,LVA,Europe,EU,,,0.0,Domestic,0.5509999999999999,0.0,0.5509999999999999,True,46.4,True,309.0,EU
310,28.0,44.0,1326.7749965190887,131.8224,2601,28.57051239582008,43.801355,50.87211906789602,67.2559,Romania,ROU,Europe,EU,,,0.0,Domestic,2.217,0.0,2.217,True,112.4,True,188.0,EU
311,28.0,45.0,1336.2650048732758,171.8488,3015,28.65831452538937,44.33846,90.16311143712733,,Romania,ROU,Europe,EU,,,0.0,Domestic,2.217,0.0,2.217,True,112.4,True,179.0,EU
312,28.0,46.0,1302.6850020885468,215.88542,3015,28.65831452538937,44.33846,191.7686400553914,260.1798,Romania,ROU,Europe,EU,,,0.0,Domestic,2.217,0.0,2.217,True,112.4,True,201.0,EU
313,33.0,35.0,1590.669927597046,29.328465,3982,33.04501593900185,34.6614,37.78846418493146,59.795,Cyprus,CYP,Asia,EU,,,0.0,Domestic,2.217,0.0,2.217,True,2.0,False,,EU
314,34.0,35.0,1774.265022277832,136.78604,2558,33.94435121212121,35.130375,15.328876243464524,17.365599999999997,Ocean / International,CYP,Asia,EU,,,0.0,Domestic,2.217,0.0,2.217,True,2.0,False,,EU
315,6.5,55.5,0.0,400.0,28610,7.454398490482101,54.0812606735,169.20329303740806,,Denmark,DNK,Europe,EU,True,Danish North Sea,0.0,Domestic,0.5509999999999999,0.0,0.5509999999999999,True,590.2,True,283.0,EU
316,7.5,57.0,0.0,400.0,3787,7.978426921925874,58.129135,128.754736390919,,Denmark,DNK,Europe,EU,True,Danish North Sea,0.0,Domestic,0.5509999999999999,0.0,0.5509999999999999,True,590.2,True,284.0,EU
317,7.5,54.5,0.0,380.0,28610,7.454398490482101,54.0812606735,46.655716641049885,,Germany,DEU,Europe,EU,True,German Bight,0.0,Domestic,0.5509999999999999,0.0,0.5509999999999999,True,664.5,True,303.0,EU
318,8.0,55.5,0.0,380.0,4110,9.44380641831966,55.024715,105.64666855742706,,Germany,DEU,Europe,EU,True,German Bight,0.0,Domestic,0.5509999999999999,0.0,0.5509999999999999,True,664.5,True,304.0,EU
319,4.5,52.5,0.0,380.0,2815,4.3176131154282045,52.468835,12.827339988135328,,Netherlands,NLD,Europe,EU,True,Dutch North Sea,0.0,Domestic,0.5509999999999999,0.0,0.5509999999999999,True,432.5,True,302.0,EU
320,5.0,53.5,0.0,380.0,27665,6.1870636928830915,53.6429368,79.97579494146817,,Netherlands,NLD,Europe,EU,True,Dutch North Sea,0.0,Domestic,0.5509999999999999,0.0,0.5509999999999999,True,432.5,True,305.0,EU
321,18.5,55.5,0.0,280.0,2732,18.54885144521912,54.532995,107.57128464100316,,Sweden,SWE,Europe,EU,True,Swedish Baltic,0.0,Domestic,0.5509999999999999,0.0,0.5509999999999999,True,608.0,True,323.0,EU
322,20.0,56.5,0.0,280.0,3980,21.009600397299508,56.541555,62.09950745993173,,Sweden,SWE,Europe,EU,True,Swedish Baltic,0.0,Domestic,0.5509999999999999,0.0,0.5509999999999999,True,608.0,True,324.0,EU
323,12.0,55.0,0.0,260.0,2924,11.25525662816392,55.18628,51.71736642311405,,Denmark,DNK,Europe,EU,True,Danish Baltic,0.0,Domestic,0.5509999999999999,0.0,0.5509999999999999,True,590.2,True,325.0,EU
324,13.0,55.5,0.0,260.0,2585,12.992400213445173,55.623625,13.754796240539749,,Denmark,DNK,Europe,EU,True,Danish Baltic,0.0,Domestic,0.5509999999999999,0.0,0.5509999999999999,True,590.2,True,326.0,EU
325,21.0,61.0,0.0,220.0,3583,21.464696376309337,61.619975,73.26492534025452,,Finland,FIN,Europe,EU,True,Finnish Baltic,0.0,Domestic,0.5509999999999999,0.0,0.5509999999999999,True,358.9,True,327.0,EU
326,22.0,62.0,0.0,220.0,3583,21.464696376309337,61.619975,50.75689126777001,,Finland,FIN,Europe,EU,True,Finnish Baltic,0.0,Domestic,0.5509999999999999,0.0,0.5509999999999999,True,358.9,True,328.0,EU
327,-10.5,53.5,0.0,550.0,2524,-9.811221166715304,52.499272171,120.4430614054454,,Ireland,IRL,Europe,EU,True,Irish Atlantic,0.0,Domestic,0.5509999999999999,0.0,0.5509999999999999,True,496.6,True,121.0,EU
328,-9.5,55.0,0.0,550.0,2416,-7.10387403525,55.0901467725,152.97167184184568,,Ireland,IRL,Europe,EU,True,Irish Atlantic,0.0,Domestic,0.5509999999999999,0.0,0.5509999999999999,True,496.6,True,120.0,EU
329,-10.0,39.5,0.0,350.0,14991,-9.400000227615235,38.68500319775194,104.37323372886728,,Portugal,PRT,Europe,EU,True,Iberian Atlantic,0.0,Domestic,0.5509999999999999,0.0,0.5509999999999999,True,365.3,True,320.0,EU
330,-9.5,41.0,0.0,350.0,24644,-8.783356374580709,41.1383274985,62.015115349047434,,Portugal,PRT,Europe,EU,True,Iberian Atlantic,0.0,Domestic,0.5509999999999999,0.0,0.5509999999999999,True,365.3,True,321.0,EU
