,Longitude,Latitude,Solar Energy Potential,Wind Power Density,Port Code,Port Long.,Port Lat.,Gen-Port Direct Dist.,Gen-Port Driving Dist.,Country,ISO_A3,Continent,H2_Region,Is_Offshore,Offshore_Zone,Shipping Dist.,NH3 Cost,LOHC Cost,H2 Liq Cost,H2 Gas Cost,Transport Cost per kg H2,Cheapest Medium,Direct Dist.,Driving Dist.,Gen. emissions per kg H2,NH3 Emissions per kg H2,LOHC Emissions per kg H2,LH2 Emissions per kg H2,H2Gas Emissions per kg H2,Transport Emissions per kg H2,Total Emissions per kg H2,Below RED3 Threshold,country_cap_kt,within_cap,cap_rank,Corridor
0,-135.0,57.0,917.9750382900238,958.34094,3146,-130.00012658113093,55.90287,331.53387693717167,1852.1911,Ocean / International,CAN,North America,North America,,,3598.384492007377,1.7742043814814203,2.1444116112829645,2.9558198363485335,,1.7742043814814203,NH3,7343.492895910329,,0.5509999999999999,0.2667677937009131,0.284231017230403,0.316889265219252,,0.2667677937009131,0.8177677937009131,True,8522.5,True,15.0,D
1,-128.0,55.0,999.0049958229064,1433.1104,3679,-128.6718224560537,53.977895,121.8188056016047,207.8273,Canada,CAN,North America,North America,,,3598.384492007377,1.7742043814814203,2.1444116112829645,2.9558198363485335,,1.7742043814814203,NH3,7370.25796783351,,0.5509999999999999,0.2667677937009131,0.284231017230403,0.316889265219252,,0.2667677937009131,0.8177677937009131,True,8522.5,True,16.0,D
2,-126.0,55.0,1163.9849603176117,77.40454,3679,-128.6718224560537,53.977895,207.16071533791597,422.9948,Canada,CAN,North America,North America,,,2340.402689217917,1.7640651196195982,2.12976889719275,2.8870126237240936,,1.7640651196195982,NH3,7313.414433506537,,2.217,0.2171477909132814,0.2542471492438942,0.4747572869850657,,0.2171477909132814,2.434147790913282,True,8522.5,True,199.0,D
3,-125.0,49.0,1168.7299644947052,74.20218,149,-125.00189345292245,48.99731080513448,0.3295997986872414,0.0,Canada,CAN,North America,North America,,,2302.8698343499573,1.6197853168841625,2.045618302195287,2.80085311135952,,1.6197853168841625,NH3,7879.135368918738,,2.217,0.2148618119371915,0.2517414259326365,0.4722529824558603,,0.2148618119371915,2.431861811937192,True,8522.5,True,179.0,D
4,-125.0,54.0,1163.2550132274628,239.63728,3679,-128.6718224560537,53.977895,240.8319630722674,481.9606,Canada,CAN,North America,North America,,,2302.8698343499573,1.7636853168841622,2.12921857575434,2.884486080099422,,1.7636853168841622,NH3,7382.907234584961,,0.5509999999999999,0.1878244538273565,0.1977414259326364,0.2311790830195836,,0.1878244538273565,0.7388244538273565,True,8522.5,True,192.0,D
5,-124.0,52.0,1376.0499930381775,239.30109,2283,-123.90600187203916,49.17560352478176,314.2572302797283,948.8323,Canada,CAN,North America,North America,,,2047.1358109546952,1.7609221227868763,2.1252115759313006,2.866194348911454,,1.7609221227868763,NH3,7549.548199105002,,2.217,0.199288799712139,0.2346684186658684,0.4552074979138716,,0.199288799712139,2.416288799712139,True,8522.5,True,99.0,D
6,-124.0,54.0,1240.2700006961825,151.76865,4295,-127.11577535720149,50.599415,433.904714189744,1335.193,Canada,CAN,North America,North America,,,2302.8698343499573,1.7832512079303369,2.1427804614302377,2.89804796577532,,1.7832512079303369,NH3,7352.50246238043,,2.217,0.2148618119371915,0.2517414259326365,0.4722529824558603,,0.2148618119371915,2.431861811937192,True,8522.5,True,184.0,D
7,-123.0,50.0,1134.4200146198273,100.82697,1934,-123.2597273115,49.1586226685,95.44510763341904,143.7982,Canada,CAN,North America,North America,,,1582.3066808755452,1.7260266796929913,2.1164443035234326,2.8267282982228337,,1.7260266796929913,NH3,7714.1780217913565,,2.217,0.1709951176587737,0.2036360553913858,0.4243046880310239,,0.1709951176587737,2.387995117658774,True,8522.5,True,202.0,D
8,-123.0,53.0,1251.584963798523,143.02011,1934,-123.2597273115,49.1586226685,427.73872276738234,718.795,Canada,CAN,North America,North America,,,1868.698293988948,1.775883301319654,2.1332026319542035,2.863234567361294,,1.775883301319654,NH3,7419.432027305218,,2.217,0.1884256189133977,0.2227557877872166,0.4433324846542446,,0.1884256189133977,2.405425618913398,True,8522.5,True,181.0,D
9,-122.0,56.0,1263.2649874687197,187.58942,1934,-123.2597273115,49.1586226685,766.0342703426022,1154.6808,Canada,CAN,North America,North America,,,3019.214570070164,1.9224770551521464,2.284851698671861,3.073756301738076,,1.9224770551521464,NH3,7095.769241191787,,2.217,0.2585093621776692,0.2995651715417972,0.5201658226782927,,0.2585093621776692,2.47550936217767,True,8522.5,True,197.0,D
10,-121.0,50.0,1335.5349707603457,87.76631,2586,-122.71542696864113,48.8319,179.90961052059174,241.1656,Canada,CAN,North America,North America,,,1715.964419325336,1.7567863449722254,2.119204660198672,2.8390804379819015,,1.7567863449722254,NH3,7646.301600470817,,2.217,0.1791291116537557,0.2125591525589695,0.4331800453002204,,0.1791291116537557,2.3961291116537557,True,8522.5,True,129.0,D
11,-121.0,52.0,1255.964994430542,116.29771,2586,-122.71542696864113,48.8319,372.8770218000093,513.7024,Canada,CAN,North America,North America,,,1715.964419325336,1.7567863449722254,2.119204660198672,2.8390804379819015,,1.7567863449722254,NH3,7451.692667680156,,2.217,0.1791291116537557,0.2125591525589695,0.4331800453002204,,0.1791291116537557,2.3961291116537557,True,8522.5,True,173.0,D
12,-121.0,55.0,1218.7349951267242,554.7777,1934,-123.2597273115,49.1586226685,668.0754811125216,1209.0413999999998,Canada,CAN,North America,North America,,,6186.93740557121,1.9003484818157372,2.270089958970384,3.156156551482376,,1.9003484818157372,NH3,7161.166196238053,,0.5509999999999999,0.4248725352055907,0.457044873270912,0.4905548492651821,,0.4248725352055907,0.9758725352055908,True,8522.5,True,33.0,D
13,-121.0,56.0,1325.679988861084,338.51837,1934,-123.2597273115,49.1586226685,776.4415009680994,1179.1603,Canada,CAN,North America,North America,,,1629.265217892439,1.912153162217555,2.268016417994707,2.981752499955601,,1.912153162217555,NH3,7064.740955796572,,0.5509999999999999,0.1468262993503159,0.1527710447568293,0.1869266150208217,,0.1468262993503159,0.6978262993503158,True,8522.5,True,66.0,D
14,-120.0,51.0,1263.2649874687197,420.51483,2586,-122.71542696864113,48.8319,310.097848497011,404.6159,Canada,CAN,North America,North America,,,1595.5978319174794,1.7550838652331704,2.116729040473628,2.8279995985341815,,1.7550838652331704,NH3,7514.592373452046,,0.5509999999999999,0.1447780438199929,0.1505233832303254,0.1847204083356002,,0.1447780438199929,0.6957780438199929,True,8522.5,True,43.0,D
15,-120.0,56.0,1315.460033416748,276.43353,1934,-123.2597273115,49.1586226685,792.4853485561343,1238.555,Canada,CAN,North America,North America,,,1838.569647846412,1.9214010554544263,2.2785479898126217,3.006637991937167,,1.9214010554544263,NH3,7033.160708895235,,0.5509999999999999,0.1595618150814822,0.1667443753529221,0.200654110128277,,0.1595618150814822,0.7105618150814821,True,8522.5,True,178.0,D
16,-119.0,50.0,1262.900013923645,78.93766,4933,-122.2207911642127,47.998295,324.1312522969089,507.6884,Canada,CAN,North America,North America,,,1838.569647846412,1.7584029106616956,2.121553850390168,2.8496438525147134,,1.7584029106616956,NH3,7576.035566237983,,2.217,0.1865916328029519,0.2207443753529221,0.4413289149142523,,0.1865916328029519,2.403591632802952,True,8522.5,True,168.0,D
17,-119.0,51.0,1138.070011138916,58.08466,2586,-122.71542696864113,48.8319,359.5847087803703,528.5256999999999,Canada,CAN,North America,North America,,,1715.7002760276407,1.7567827400940668,2.11919941992104,2.8390569286305043,,1.7567827400940668,NH3,7479.687539726125,,2.217,0.1791130354268175,0.2125415181418468,0.4331624968910668,,0.1791130354268175,2.3961130354268176,True,8522.5,True,205.0,D
18,-119.0,53.0,1010.685019493103,18.621315,2586,-122.71542696864113,48.8319,532.0655018576994,708.2498,Canada,CAN,North America,North America,,,1728.2465192714258,1.8157835658494244,2.1722736361154027,2.892996054455758,,1.8157835658494244,NH3,7287.57174699972,,2.217,0.1798766275499676,0.2133791153423598,0.4339960453837024,,0.1798766275499676,2.396876627549968,True,8522.5,True,213.0,D
19,-119.0,55.0,1306.3349986076355,196.52533,2586,-122.71542696864113,48.8319,732.100719773948,1163.0579,Canada,CAN,North America,North America,,,1770.4439779391384,1.8963626342384872,2.2531088711653595,2.9766987077444,,1.8963626342384872,NH3,7096.31073261019,,2.217,0.1824449426953301,0.2161962513217969,0.436800111215179,,0.1824449426953301,2.39944494269533,True,8522.5,True,185.0,D
20,-119.0,56.0,1254.8699867725372,309.1046,1934,-123.2597273115,49.1586226685,813.8295377490297,1303.5885,Canada,CAN,North America,North America,,,1770.4439779391384,1.92905416142852,2.2858003983553923,3.0093902349344326,,1.92905416142852,NH3,7001.03322704628,,0.5509999999999999,0.1554162310034223,0.1621962513217969,0.1961837535052919,,0.1554162310034223,0.7064162310034223,True,8522.5,True,122.0,D
21,-118.0,56.0,1322.0299923419952,232.4707,2586,-122.71542696864113,48.8319,859.2413653763334,1322.0539,Canada,CAN,North America,North America,,,6186.93740557121,1.976814835521262,2.346556312675909,3.2326229051879007,,1.976814835521262,NH3,6968.3632762297575,,2.217,0.4519731370419195,0.511044873270912,0.7350199222528662,,0.4519731370419195,2.6689731370419194,True,8522.5,True,191.0,D
22,-117.0,55.0,1274.5800375938416,185.77676,2586,-122.71542696864113,48.8319,790.376712717338,1154.8342,Canada,CAN,North America,North America,,,1838.569647846412,1.9205576011189076,2.2777045354771035,3.005794537601649,,1.9205576011189076,NH3,7029.252978299132,,2.217,0.1865916328029519,0.2207443753529221,0.4413289149142523,,0.1865916328029519,2.403591632802952,True,8522.5,True,195.0,D
23,-117.0,56.0,1334.4399631023407,240.00948,2586,-122.71542696864113,48.8319,886.6561635672725,1268.1988,Canada,CAN,North America,North America,,,1758.812711476321,1.9580304240783184,2.314706678636134,3.037512436574215,,1.9580304240783184,NH3,6935.155659521283,,2.217,0.1817370018098831,0.2154197387005784,0.4360271170249009,,0.1817370018098831,2.3987370018098835,True,8522.5,True,187.0,D
24,-116.0,50.0,1375.685019493103,173.6916,4933,-122.2207911642127,47.998295,506.49351364534033,906.2663,Canada,CAN,North America,North America,,,1758.812711476321,1.8059653641095457,2.1626416186673616,2.885447376605442,,1.8059653641095457,NH3,7466.256537050103,,2.217,0.1817370018098831,0.2154197387005784,0.4360271170249009,,0.1817370018098831,2.3987370018098835,True,8522.5,True,123.0,D
25,-115.0,52.0,1461.0949206352234,143.55426,4933,-122.2207911642127,47.998295,682.1725492586154,1125.0783,Canada,CAN,North America,North America,,,1758.812711476321,1.876236978354856,2.2329132329126713,2.955718990850752,,1.876236978354856,NH3,7240.371837982568,,2.217,0.1817370018098831,0.2154197387005784,0.4360271170249009,,0.1817370018098831,2.3987370018098835,True,8522.5,True,100.0,D
26,-115.0,53.0,1455.619969367981,151.28734,2586,-122.71542696864113,48.8319,713.0302822759444,1128.0517,Canada,CAN,North America,North America,,,1770.4439779391384,1.888734459239286,2.245480696166158,2.9690705327451985,,1.888734459239286,NH3,7146.660388859218,,2.217,0.1824449426953301,0.2161962513217969,0.436800111215179,,0.1824449426953301,2.39944494269533,True,8522.5,True,112.0,D
27,-115.0,54.0,1487.374930381775,226.59459,2586,-122.71542696864113,48.8319,785.6967052429117,1093.6556,Canada,CAN,North America,North America,,,1770.4439779391384,1.917801028426073,2.274547265352945,2.9981371019319853,,1.917801028426073,NH3,7053.209053809976,,2.217,0.1824449426953301,0.2161962513217969,0.436800111215179,,0.1824449426953301,2.39944494269533,True,8522.5,True,105.0,D
28,-114.0,50.0,1513.6549401283264,183.04684,4933,-122.2207911642127,47.998295,640.9903155485276,1027.3235,Canada,CAN,North America,North America,,,1629.265217892439,1.8579726880497265,2.2138359438268784,2.927572025787772,,1.8579726880497265,NH3,7390.218421425324,,2.217,0.1738527192738832,0.2067710447568293,0.4274219415193329,,0.1738527192738832,2.3908527192738833,True,8522.5,True,73.0,D
29,-114.0,51.0,1510.3700041770935,119.19901,4933,-122.2207911642127,47.998295,682.131024847469,1052.9191,Canada,CAN,North America,North America,,,1625.0044419316914,1.8743676817859425,2.230203091173787,2.9436297574290267,,1.8743676817859425,NH3,7296.583110152584,,2.217,0.1735934285619597,0.2064865919571035,0.4271390549541634,,0.1735934285619597,2.3905934285619597,True,8522.5,True,79.0,D
30,-114.0,52.0,1548.695011138916,194.781,4933,-122.2207911642127,47.998295,737.8513782145893,1142.6987,Canada,CAN,North America,North America,,,1625.0044419316914,1.8966558231327904,2.252491232520635,2.9659178987758748,,1.8966558231327904,NH3,7203.191600650541,,2.217,0.1735934285619597,0.2064865919571035,0.4271390549541634,,0.1735934285619597,2.3905934285619597,True,8522.5,True,71.0,D
31,-114.0,54.0,1500.8799958229065,253.17924,2586,-122.71542696864113,48.8319,834.4846171801582,1153.4665,Canada,CAN,North America,North America,,,1625.0044419316914,1.9353091187190183,2.2911445281068628,3.0045711943621023,,1.9353091187190183,NH3,7017.197064504422,,2.217,0.1735934285619597,0.2064865919571035,0.4271390549541634,,0.1735934285619597,2.3905934285619597,True,8522.5,True,106.0,D
32,-114.0,55.0,1385.904974937439,141.88718,2586,-122.71542696864113,48.8319,910.021962238805,1282.437,Canada,CAN,North America,North America,,,1900.8985443193287,1.9691970192245951,2.3266974876438384,3.0587736759275277,,1.9691970192245951,NH3,6924.624153425922,,2.217,0.1903857807671332,0.2249055021685238,0.4454742930773964,,0.1903857807671332,2.4073857807671333,True,8522.5,True,175.0,D
33,-113.0,49.0,1588.4800863265991,452.27783,4933,-122.2207911642127,47.998295,690.0359252356211,1094.5687,Ocean / International,CAN,North America,North America,,,1870.3813621041531,1.8808232804926224,2.23815215772459,2.9682917332347984,,1.8808232804926224,NH3,7444.67852996143,,0.5509999999999999,0.161497738103157,0.1688681507562884,0.2027423154601736,,0.161497738103157,0.712497738103157,True,8522.5,True,45.0,D
34,-113.0,50.0,1552.3449206352234,301.28027,4933,-122.2207911642127,47.998295,709.9313110407545,1094.0574,Canada,CAN,North America,North America,,,1870.3813621041531,1.888781434814676,2.2461103120466435,2.9762498875568517,,1.888781434814676,NH3,7351.3613527800435,,2.217,0.1885280723231589,0.2228681507562884,0.4434444222057497,,0.1885280723231589,2.405528072323159,True,8522.5,True,67.0,D
35,-113.0,51.0,1552.7100682258606,221.62674,4933,-122.2207911642127,47.998295,745.9963571142559,1128.8397,Canada,CAN,North America,North America,,,1838.569647846412,1.9028054588776748,2.2599523932358707,2.988042395360416,,1.9028054588776748,NH3,7258.285854741459,,2.217,0.1865916328029519,0.2207443753529221,0.4413289149142523,,0.1865916328029519,2.403591632802952,True,8522.5,True,72.0,D
36,-113.0,52.0,1530.0799679756165,267.7102,4933,-122.2207911642127,47.998295,796.0443159162566,1228.5401000000002,Canada,CAN,North America,North America,,,1838.569647846412,1.9228246423984752,2.2799715767566706,3.008061578881216,,1.9228246423984752,NH3,7165.466047639216,,2.217,0.1865916328029519,0.2207443753529221,0.4413289149142523,,0.1865916328029519,2.403591632802952,True,8522.5,True,89.0,D
37,-113.0,53.0,1530.8099150657654,254.93126,4933,-122.2207911642127,47.998295,857.6380088628151,1295.0821,Canada,CAN,North America,North America,,,2167.1434351246917,1.951318113026555,2.3102059790533147,3.058079588577046,,1.951318113026555,NH3,7072.9165436975345,,2.217,0.2065961097896466,0.2426802233225963,0.4632025115350724,,0.2065961097896466,2.4235961097896466,True,8522.5,True,97.0,D
38,-113.0,54.0,1481.535005569458,224.67128,4933,-122.2207911642127,47.998295,928.4891548541692,1299.2935,Canada,CAN,North America,North America,,,1758.812711476321,1.9747636205930772,2.3314398751508927,3.0542456330889736,,1.9747636205930772,NH3,6980.652592334355,,2.217,0.1817370018098831,0.2154197387005784,0.4360271170249009,,0.1817370018098831,2.3987370018098835,True,8522.5,True,134.0,D
39,-112.0,50.0,1532.999930381775,353.10297,4933,-122.2207911642127,47.998295,779.5898049727874,1168.2048,Canada,CAN,North America,North America,,,1758.812711476321,1.9152038806405245,2.27188013519834,2.994685893136421,,1.9152038806405245,NH3,7311.953491150419,,0.5509999999999999,0.1547084789441299,0.1614197387005784,0.1954207352939383,,0.1547084789441299,0.7057084789441299,True,8522.5,True,63.0,D
40,-112.0,51.0,1517.3050236701963,250.86766,4933,-122.2207911642127,47.998295,811.2470393553187,1198.5362,Canada,CAN,North America,North America,,,1770.4439779391384,1.928021162071036,2.284767398997908,3.0083572355769483,,1.928021162071036,NH3,7219.443152825263,,2.217,0.1824449426953301,0.2161962513217969,0.436800111215179,,0.1824449426953301,2.39944494269533,True,8522.5,True,93.0,D
41,-112.0,52.0,1525.6999373435974,409.162,4933,-122.2207911642127,47.998295,856.2295388933845,1271.3452,Canada,CAN,North America,North America,,,1625.0044419316914,1.9440070874043087,2.299842496792153,3.0132691630473927,,1.9440070874043087,NH3,7127.200750397374,,0.5509999999999999,0.1465670777979353,0.1524865919571035,0.1866473792856942,,0.1465670777979353,0.6975670777979353,True,8522.5,True,55.0,D
42,-112.0,53.0,1522.05002784729,281.97873,4933,-122.2207911642127,47.998295,912.575784418408,1377.9063,Canada,CAN,North America,North America,,,1625.0044419316914,1.966545585614318,2.3223809950021628,3.0358076612574023,,1.966545585614318,NH3,7035.241402786156,,2.217,0.1735934285619597,0.2064865919571035,0.4271390549541634,,0.1735934285619597,2.3905934285619597,True,8522.5,True,108.0,D
43,-112.0,54.0,1446.129961013794,208.08698,4933,-122.2207911642127,47.998295,978.3305650411104,1357.5851,Canada,CAN,North America,North America,,,1878.775831274939,1.9962460858281568,2.3536224469502427,3.084297577591063,,1.9962460858281568,NH3,6943.58088807231,,2.217,0.1890390719600986,0.2234285722099953,0.4440027419108385,,0.1890390719600986,2.4060390719600986,True,8522.5,True,156.0,D
44,-112.0,55.0,1369.8450076580048,88.43621,2586,-122.71542696864113,48.8319,1005.24889609988,1390.1543,Canada,CAN,North America,North America,,,1947.485932357357,2.007855396237469,2.3656124575086683,3.1005913674288856,,2.007855396237469,NH3,6852.235683188394,,2.217,0.1932218811665712,0.2280157133322673,0.4485739367347263,,0.1932218811665712,2.410221881166571,True,8522.5,True,186.0,D
45,-111.0,50.0,1536.650013923645,417.62973,4933,-122.2207911642127,47.998295,849.7787105314663,1237.9683,Canada,CAN,North America,North America,,,1870.3813621041531,1.9447203946109608,2.3020492718429284,3.0321888473531367,,1.9447203946109608,NH3,7272.000768932357,,0.5509999999999999,0.161497738103157,0.1688681507562884,0.2027423154601736,,0.161497738103157,0.712497738103157,True,8522.5,True,53.0,D
46,-111.0,52.0,1530.8099150657654,346.64078,4933,-122.2207911642127,47.998295,918.005535041276,1350.7933,Canada,CAN,North America,North America,,,1838.569647846412,1.971609130048483,2.3287560644066785,3.056846066531224,,1.971609130048483,NH3,7088.401299370563,,0.5509999999999999,0.1595618150814822,0.1667443753529221,0.200654110128277,,0.1595618150814822,0.7105618150814821,True,8522.5,True,77.0,D
47,-111.0,53.0,1514.7500348091123,283.85294,4933,-122.2207911642127,47.998295,969.5276874307068,1430.3131,Canada,CAN,North America,North America,,,2167.1434351246917,1.996073984453712,2.3549618504804712,3.1028354600042025,,1.996073984453712,NH3,6997.038013911274,,2.217,0.2065961097896466,0.2426802233225963,0.4632025115350724,,0.2065961097896466,2.4235961097896466,True,8522.5,True,127.0,D
48,-111.0,54.0,1451.9699728488922,245.1274,4933,-122.2207911642127,47.998295,1030.475576921984,1425.5974,Canada,CAN,North America,North America,,,2167.1434351246917,2.0204531402502224,2.379341006276982,3.1272146158007135,,2.0204531402502224,NH3,6905.987223807114,,2.217,0.2065961097896466,0.2426802233225963,0.4632025115350724,,0.2065961097896466,2.4235961097896466,True,8522.5,True,164.0,D
49,-111.0,59.0,1362.1800410747528,112.92768,2586,-122.71542696864113,48.8319,1364.438641708731,1855.6058,Canada,CAN,North America,North America,,,1758.812711476321,2.149143415334902,2.5058196698927175,3.228625427830798,,2.149143415334902,NH3,6456.044800851161,,2.217,0.1817370018098831,0.2154197387005784,0.4360271170249009,,0.1817370018098831,2.3987370018098835,True,8522.5,True,206.0,D
50,-110.0,50.0,1517.3050236701963,312.51242,4933,-122.2207911642127,47.998295,920.3658214639156,1303.7415,Canada,CAN,North America,North America,,,1625.0044419316914,1.969661600432521,2.325497009820366,3.0389236760756053,,1.969661600432521,NH3,7231.5091327635855,,2.217,0.1735934285619597,0.2064865919571035,0.4271390549541634,,0.1735934285619597,2.3905934285619597,True,8522.5,True,115.0,D
51,-110.0,51.0,1504.5300793647766,202.9055,4933,-122.2207911642127,47.998295,944.7117517582116,1400.028,Canada,CAN,North America,North America,,,1900.8985443193287,1.9830729350323577,2.340573403451601,3.0726495917352907,,1.9830729350323577,NH3,7140.144459124361,,2.217,0.1903857807671332,0.2249055021685238,0.4454742930773964,,0.1903857807671332,2.4073857807671333,True,8522.5,True,126.0,D
52,-110.0,53.0,1506.7199206352234,247.00972,4933,-122.2207911642127,47.998295,1028.1495315200996,1501.3879,Canada,CAN,North America,North America,,,1947.485932357357,2.0170156504055567,2.374772711676756,3.1097516215969736,,2.0170156504055567,NH3,6958.311823071111,,2.217,0.1932218811665712,0.2280157133322673,0.4485739367347263,,0.1932218811665712,2.410221881166571,True,8522.5,True,139.0,D
53,-110.0,54.0,1426.0550236701963,129.95248,4933,-122.2207911642127,47.998295,1084.5830121480017,1575.7756000000002,Canada,CAN,North America,North America,,,1947.485932357357,2.0395890426567176,2.3973461039279167,3.1323250138481344,,2.0395890426567176,NH3,6867.876890677234,,2.217,0.1932218811665712,0.2280157133322673,0.4485739367347263,,0.1932218811665712,2.410221881166571,True,8522.5,True,180.0,D
54,-109.0,50.0,1512.560019493103,328.29276,4933,-122.2207911642127,47.998295,991.2550359669688,1377.3217,Canada,CAN,North America,North America,,,1947.485932357357,2.002257852184304,2.3600149134555037,3.094993823375721,,2.002257852184304,NH3,7190.484540996777,,0.5509999999999999,0.166190294986282,0.1740157133322673,0.2078056303598678,,0.166190294986282,0.717190294986282,True,8522.5,True,118.0,D
55,-109.0,51.0,1517.3050236701963,353.04916,4933,-122.2207911642127,47.998295,1012.5146855162004,1462.5278999999998,Canada,CAN,North America,North America,,,1947.485932357357,2.010761712003997,2.3685187732751967,3.1034976831954135,,2.010761712003997,NH3,7099.700028152842,,0.5509999999999999,0.166190294986282,0.1740157133322673,0.2078056303598678,,0.166190294986282,0.717190294986282,True,8522.5,True,81.0,D
56,-109.0,52.0,1537.7449345588684,265.44135,4933,-122.2207911642127,47.998295,1045.1562306682174,1506.9782,Canada,CAN,North America,North America,,,1870.3813621041531,2.022871402665661,2.380200279897629,3.110339855407837,,2.022871402665661,NH3,7009.222378123797,,2.217,0.1885280723231589,0.2228681507562884,0.4434444222057497,,0.1885280723231589,2.405528072323159,True,8522.5,True,128.0,D
57,-109.0,53.0,1477.884922027588,274.1385,4933,-122.2207911642127,47.998295,1088.1615995081763,1547.5312,Canada,CAN,North America,North America,,,1870.3813621041531,2.0400735502016447,2.3974024274336125,3.127542002943821,,2.0400735502016447,NH3,6919.068291733292,,2.217,0.1885280723231589,0.2228681507562884,0.4434444222057497,,0.1885280723231589,2.405528072323159,True,8522.5,True,160.0,D
58,-109.0,54.0,1450.509991645813,194.73656,4933,-122.2207911642127,47.998295,1140.364236248964,1600.159,Canada,CAN,North America,North America,,,1870.3813621041531,2.06095460489796,2.4182834821299277,3.148423057640136,,2.06095460489796,NH3,6829.255196654576,,2.217,0.1885280723231589,0.2228681507562884,0.4434444222057497,,0.1885280723231589,2.405528072323159,True,8522.5,True,176.0,D
59,-108.0,50.0,1540.6650710105896,345.644,4933,-122.2207911642127,47.998295,1062.374693191058,1457.4276,Canada,CAN,North America,North America,,,1838.569647846412,2.029356793308396,2.3865037276665912,3.1145937297911366,,2.029356793308396,NH3,7148.9329612454885,,0.5509999999999999,0.1595618150814822,0.1667443753529221,0.200654110128277,,0.1595618150814822,0.7105618150814821,True,8522.5,True,96.0,D
60,-108.0,51.0,1518.7649178504944,218.3286,4933,-122.2207911642127,47.998295,1080.838445578538,1547.9153,Canada,CAN,North America,North America,,,2104.7281211820637,2.0399124373219686,2.3984913820280394,3.1428250744948554,,2.0399124373219686,NH3,7058.733267452152,,2.217,0.2027954859880763,0.2385133272078267,0.4590434936634238,,0.2027954859880763,2.4197954859880766,True,8522.5,True,143.0,D
61,-108.0,52.0,1513.6549401283264,363.7423,4933,-122.2207911642127,47.998295,1110.098504420753,1576.0458,Canada,CAN,North America,North America,,,2133.1065691617337,2.051930755646191,2.410651306693452,3.1566059920707357,,2.051930755646191,NH3,6968.854162083177,,0.5509999999999999,0.1774888843663472,0.1864078950175532,0.2200064256992059,,0.1774888843663472,0.7284888843663472,True,8522.5,True,84.0,D
62,-108.0,53.0,1489.5649456977844,245.5847,4933,-122.2207911642127,47.998295,1149.3360027734605,1628.5938999999998,Canada,CAN,North America,North America,,,1758.812711476321,2.063102359760794,2.4197786143186093,3.14258437225669,,2.063102359760794,NH3,6879.312894587428,,2.217,0.1817370018098831,0.2154197387005784,0.4360271170249009,,0.1817370018098831,2.3987370018098835,True,8522.5,True,163.0,D
63,-108.0,54.0,1389.5549714565277,184.48007,4933,-122.2207911642127,47.998295,1197.5757324822584,1694.4995,Canada,CAN,North America,North America,,,1770.4439779391384,2.0825526393218117,2.439298876248684,3.162888712827724,,2.0825526393218117,NH3,6790.127464379749,,2.217,0.1824449426953301,0.2161962513217969,0.436800111215179,,0.1824449426953301,2.39944494269533,True,8522.5,True,194.0,D
64,-108.0,56.0,1350.5000174045565,88.100235,4933,-122.2207911642127,47.998295,1316.9447831390776,1894.7179,Canada,CAN,North America,North America,,,1770.4439779391384,2.1303002595845393,2.4870464965114114,3.2106363330904517,,2.1303002595845393,NH3,6612.9001225277225,,2.217,0.1824449426953301,0.2161962513217969,0.436800111215179,,0.1824449426953301,2.39944494269533,True,8522.5,True,204.0,D
65,-107.0,50.0,1540.2999234199524,271.2725,4035,-92.02496519148914,46.726035,1165.4785957834692,1345.3828,Canada,CAN,North America,North America,,,1625.0044419316914,2.0677067101603424,2.423542119548187,3.1369687858034268,,2.0677067101603424,NH3,7106.860368003858,,2.217,0.1735934285619597,0.2064865919571035,0.4271390549541634,,0.1735934285619597,2.3905934285619597,True,8522.5,True,144.0,D
66,-107.0,51.0,1528.6200737953186,253.95769,4933,-122.2207911642127,47.998295,1149.5790743315138,1622.4792,Canada,CAN,North America,North America,,,1947.485932357357,2.0655874675301225,2.423344528801322,3.158323438721539,,2.0655874675301225,NH3,7017.2499826226995,,2.217,0.1932218811665712,0.2280157133322673,0.4485739367347263,,0.1932218811665712,2.410221881166571,True,8522.5,True,149.0,D
67,-107.0,52.0,1502.340064048767,268.63766,4933,-122.2207911642127,47.998295,1175.737338175332,1612.7618,Canada,CAN,North America,North America,,,1947.485932357357,2.07605077306765,2.4338078343388494,3.1687867442590663,,2.07605077306765,NH3,6927.974296031949,,2.217,0.1932218811665712,0.2280157133322673,0.4485739367347263,,0.1932218811665712,2.410221881166571,True,8522.5,True,162.0,D
68,-107.0,53.0,1409.994969367981,206.1716,4933,-122.2207911642127,47.998295,1211.4862921685306,1722.2653,Canada,CAN,North America,North America,,,1870.3813621041531,2.089403427265786,2.446732304497754,3.1768718800079623,,2.089403427265786,NH3,6839.051117354583,,2.217,0.1885280723231589,0.2228681507562884,0.4434444222057497,,0.1885280723231589,2.405528072323159,True,8522.5,True,190.0,D
69,-107.0,54.0,1318.015022277832,273.4975,4933,-122.2207911642127,47.998295,1256.0121343899175,1775.3396,Canada,CAN,North America,North America,,,2204.6102417177335,2.1110701503809923,2.4701391028158173,3.220094105753926,,2.1110701503809923,NH3,6750.499029049841,,0.5509999999999999,0.1818419318041997,0.1911815371983684,0.2247106576450087,,0.1818419318041997,0.7328419318041997,True,8522.5,True,207.0,D
70,-106.0,49.0,1561.8349289894104,365.127,4035,-92.02496519148914,46.726035,1074.0829273094378,1231.2878999999998,Canada,CAN,North America,North America,,,2103.447140435048,2.0371959443532695,2.3957684509704293,3.140028511819556,,2.0371959443532695,NH3,7153.621069987708,,0.5509999999999999,0.1756833679631325,0.1844278079119895,0.2180558341755507,,0.1756833679631325,0.7266833679631325,True,8522.5,True,76.0,D
71,-106.0,50.0,1536.2850403785706,346.03073,4035,-92.02496519148914,46.726035,1095.6893036975184,1282.8348999999998,Canada,CAN,North America,North America,,,2104.7281211820637,2.045852780569561,2.404431725275632,3.148765417742448,,2.045852780569561,NH3,7064.272740340841,,0.5509999999999999,0.1757613462796305,0.1845133272078268,0.2181400710346752,,0.1757613462796305,0.7267613462796305,True,8522.5,True,102.0,D
72,-106.0,51.0,1537.7449345588684,292.2653,4035,-92.02496519148914,46.726035,1127.803488678344,1326.3847,Canada,CAN,North America,North America,,,2133.1065691617337,2.0590127493492276,2.4177333003964883,3.163687985773772,,2.0590127493492276,NH3,6975.255985213416,,2.217,0.2045234849768414,0.2404078950175532,0.4609342497308594,,0.2045234849768414,2.4215234849768414,True,8522.5,True,141.0,D
73,-106.0,52.0,1514.7500348091123,270.91418,4035,-92.02496519148914,46.726035,1169.565565306665,1363.5282,Canada,CAN,North America,North America,,,1758.812711476321,2.0711941847740754,2.4278704393318913,3.150676197269972,,2.0711941847740754,NH3,6886.588429952802,,2.217,0.1817370018098831,0.2154197387005784,0.4360271170249009,,0.1817370018098831,2.3987370018098835,True,8522.5,True,153.0,D
74,-106.0,53.0,1420.2150118350985,199.42644,4035,-92.02496519148914,46.726035,1219.9901910394608,1487.9141000000002,Canada,CAN,North America,North America,,,1625.0044419316914,2.089511348262739,2.445346757650584,3.158773423905823,,2.089511348262739,NH3,6798.288454654502,,2.217,0.1735934285619597,0.2064865919571035,0.4271390549541634,,0.1735934285619597,2.3905934285619597,True,8522.5,True,188.0,D
75,-106.0,55.0,1336.2650048732758,100.78189,4035,-92.02496519148914,46.726035,1342.7798599894902,1698.2721,Canada,CAN,North America,North America,,,1625.0044419316914,2.1386272158427513,2.4944626252305957,3.207889291485835,,2.1386272158427513,NH3,6622.868793245003,,2.217,0.1735934285619597,0.2064865919571035,0.4271390549541634,,0.1735934285619597,2.3905934285619597,True,8522.5,True,209.0,D
76,-105.0,50.0,1512.1950459480286,278.61737,4035,-92.02496519148914,46.726035,1026.4082352764897,1178.322,Canada,CAN,North America,North America,,,1625.0044419316914,2.012078565957551,2.3679139753453953,3.081340641600635,,2.012078565957551,NH3,7021.176059669648,,2.217,0.1735934285619597,0.2064865919571035,0.4271390549541634,,0.1735934285619597,2.3905934285619597,True,8522.5,True,135.0,D
77,-105.0,51.0,1522.4150013923645,257.81677,4035,-92.02496519148914,46.726035,1062.0491849057855,1272.1273,Canada,CAN,North America,North America,,,1947.485932357357,2.030575511759831,2.3883325730310303,3.1233114829512476,,2.030575511759831,NH3,6932.757090534782,,2.217,0.1932218811665712,0.2280157133322673,0.4485739367347263,,0.1932218811665712,2.410221881166571,True,8522.5,True,138.0,D
78,-105.0,52.0,1523.509922027588,285.46915,4035,-92.02496519148914,46.726035,1107.6787665511497,1308.5813,Canada,CAN,North America,North America,,,1947.485932357357,2.0488273444179765,2.406584405689176,3.1415633156093934,,2.0488273444179765,NH3,6844.702219079327,,2.217,0.1932218811665712,0.2280157133322673,0.4485739367347263,,0.1932218811665712,2.410221881166571,True,8522.5,True,145.0,D
79,-105.0,53.0,1487.740077972412,248.85495,4035,-92.02496519148914,46.726035,1162.1263014595604,1402.892,Canada,CAN,North America,North America,,,1870.3813621041531,2.0696594309821985,2.426988308214166,3.157127883724374,,2.0696594309821985,NH3,6757.0304079312555,,2.217,0.1885280723231589,0.2228681507562884,0.4434444222057497,,0.1885280723231589,2.405528072323159,True,8522.5,True,165.0,D
80,-104.0,49.0,1526.7950320243835,269.7342,4035,-92.02496519148914,46.726035,929.8651195416268,1072.0312,Canada,CAN,North America,North America,,,1870.3813621041531,1.9767549582150248,2.3340838354469926,3.064223410957201,,1.9767549582150248,NH3,7065.754142368042,,2.217,0.1885280723231589,0.2228681507562884,0.4434444222057497,,0.1885280723231589,2.405528072323159,True,8522.5,True,113.0,D
81,-104.0,50.0,1538.8400292396543,261.66806,4035,-92.02496519148914,46.726035,957.7589196414935,1120.0728,Canada,CAN,North America,North America,,,2249.517762415762,1.9922423536064,2.351524238053321,3.103932812507563,,1.9922423536064,NH3,6977.576307592862,,2.217,0.2116125239327513,0.2481795990793444,0.4686943276349385,,0.2116125239327513,2.4286125239327516,True,8522.5,True,114.0,D
82,-104.0,51.0,1527.5249791145325,272.59854,4035,-92.02496519148914,46.726035,997.266973660378,1211.3066,Canada,CAN,North America,North America,,,2249.517762415762,2.008045575213954,2.367327459660875,3.119736034115117,,2.008045575213954,NH3,6889.759115541364,,2.217,0.2116125239327513,0.2481795990793444,0.4686943276349385,,0.2116125239327513,2.4286125239327516,True,8522.5,True,125.0,D
83,-104.0,52.0,1521.6850543022156,250.98602,4035,-92.02496519148914,46.726035,1047.0814170172844,1240.0946,Canada,CAN,North America,North America,,,2204.6102417177335,2.027497863431939,2.386566815866764,3.136521818804873,,2.027497863431939,NH3,6802.321321825009,,2.217,0.2088776937948661,0.2451815371983684,0.465699986524186,,0.2088776937948661,2.4258776937948663,True,8522.5,True,137.0,D
84,-104.0,53.0,1484.4549679756165,255.49428,4035,-92.02496519148914,46.726035,1105.8158745382077,1361.4134,Canada,CAN,North America,North America,,,2104.7281211820637,2.0499034089058368,2.4084823536119075,3.1528160460787236,,2.0499034089058368,NH3,6715.282483437913,,2.217,0.2027954859880763,0.2385133272078267,0.4590434936634238,,0.2027954859880763,2.4197954859880766,True,8522.5,True,161.0,D
85,-103.0,49.0,1510.005030632019,295.24057,4035,-92.02496519148914,46.726035,858.3224170144499,981.9626,Canada,CAN,North America,North America,,,1770.4439779391384,1.946851313134688,2.30359755006156,3.0271873866406005,,1.946851313134688,NH3,7021.066820476844,,2.217,0.1824449426953301,0.2161962513217969,0.436800111215179,,0.1824449426953301,2.39944494269533,True,8522.5,True,107.0,D
86,-103.0,50.0,1542.489938735962,304.21655,4035,-92.02496519148914,46.726035,889.90074689907,1084.7868999999998,Canada,CAN,North America,North America,,,1770.4439779391384,1.9594826450885363,2.3162288820154084,3.0398187185944487,,1.9594826450885363,NH3,6933.479463823616,,2.217,0.1824449426953301,0.2161962513217969,0.436800111215179,,0.1824449426953301,2.39944494269533,True,8522.5,True,95.0,D
87,-103.0,51.0,1530.8099150657654,267.52307,4035,-92.02496519148914,46.726035,933.671713746141,1114.4217,Canada,CAN,North America,North America,,,1770.4439779391384,1.976991031827365,2.333737268754237,3.057327105333277,,1.976991031827365,NH3,6846.267876784256,,2.217,0.1824449426953301,0.2161962513217969,0.436800111215179,,0.1824449426953301,2.39944494269533,True,8522.5,True,109.0,D
88,-103.0,52.0,1476.42502784729,273.30258,4035,-92.02496519148914,46.726035,988.0225358872506,1213.5402,Canada,CAN,North America,North America,,,1625.0044419316914,1.996724286201855,2.3525596955897,3.065986361844939,,1.996724286201855,NH3,6759.451397776541,,2.217,0.1735934285619597,0.2064865919571035,0.4271390549541634,,0.1735934285619597,2.3905934285619597,True,8522.5,True,147.0,D
89,-103.0,55.0,1349.769983291626,140.9288,4035,-92.02496519148914,46.726035,1198.918376984682,1489.8732,Canada,CAN,North America,North America,,,1947.485932357357,2.08532318859139,2.4430802498625894,3.1780591597828063,,2.08532318859139,NH3,6501.578634777289,,2.217,0.1932218811665712,0.2280157133322673,0.4485739367347263,,0.1932218811665712,2.410221881166571,True,8522.5,True,200.0,D
90,-103.0,58.0,1347.214994430542,165.42058,4035,-92.02496519148914,46.726035,1456.2589864026393,2175.3893,Canada,CAN,North America,North America,,,1947.485932357357,2.1882594323585725,2.546016493629772,3.2809954035499893,,2.1882594323585725,NH3,6248.0423984728295,,2.217,0.1932218811665712,0.2280157133322673,0.4485739367347263,,0.1932218811665712,2.410221881166571,True,8522.5,True,210.0,D
91,-102.0,49.0,1515.844955444336,309.54495,4035,-92.02496519148914,46.726035,787.3133019376237,908.3743,Canada,CAN,North America,North America,,,2249.517762415762,1.9240641065248525,2.2833459909717733,3.035754565426015,,1.9240641065248525,NH3,6975.8851195790885,,2.217,0.2116125239327513,0.2481795990793444,0.4686943276349385,,0.2116125239327513,2.4286125239327516,True,8522.5,True,92.0,D
92,-102.0,50.0,1520.954933166504,331.94263,4035,-92.02496519148914,46.726035,823.0425147019663,1042.2305,Canada,CAN,North America,North America,,,2249.517762415762,1.9383557916305896,2.2976376760775103,3.0500462505317523,,1.9383557916305896,NH3,6888.891504183095,,0.5509999999999999,0.1845760324921138,0.1941795990793444,0.2276663548898835,,0.1845760324921138,0.7355760324921138,True,8522.5,True,85.0,D
93,-102.0,51.0,1527.5249791145325,292.19296,4035,-92.02496519148914,46.726035,871.5355774638117,1054.5281,Canada,CAN,North America,North America,,,2104.7281211820637,1.9561912900760785,2.314770234782149,3.059103927248965,,1.9561912900760785,NH3,6802.28918843372,,2.217,0.2027954859880763,0.2385133272078267,0.4590434936634238,,0.2027954859880763,2.4197954859880766,True,8522.5,True,98.0,D
94,-102.0,52.0,1459.2699658870697,248.20094,4035,-92.02496519148914,46.726035,930.806464245029,1164.9666000000002,Canada,CAN,North America,North America,,,2104.7281211820637,1.9798996447885653,2.338478589494636,3.082812281961452,,1.9798996447885653,NH3,6716.098105751786,,2.217,0.2027954859880763,0.2385133272078267,0.4590434936634238,,0.2027954859880763,2.4197954859880766,True,8522.5,True,148.0,D
95,-102.0,55.0,1358.8950181007383,163.19135,4035,-92.02496519148914,46.726035,1155.3830308375807,1403.1423,Canada,CAN,North America,North America,,,1770.4439779391384,2.0656755586639406,2.4224217955908127,3.146011632169853,,2.0656755586639406,NH3,6460.2045933925765,,2.217,0.1824449426953301,0.2161962513217969,0.436800111215179,,0.1824449426953301,2.39944494269533,True,8522.5,True,196.0,D
96,-101.0,49.0,1508.909935951233,297.26056,4035,-92.02496519148914,46.726035,717.0100856231479,828.9425,Canada,CAN,North America,North America,,,1770.4439779391384,1.8903263805781672,2.2470726175050397,2.97066245408408,,1.8903263805781672,NH3,6930.215175880959,,2.217,0.1824449426953301,0.2161962513217969,0.436800111215179,,0.1824449426953301,2.39944494269533,True,8522.5,True,86.0,D
97,-101.0,50.0,1507.0850682258606,281.1265,4035,-92.02496519148914,46.726035,757.4620262708121,944.7358,Canada,CAN,North America,North America,,,1947.485932357357,1.9087406483058416,2.266497709577041,3.001476619497258,,1.9087406483058416,NH3,6843.8183986744225,,2.217,0.1932218811665712,0.2280157133322673,0.4485739367347263,,0.1932218811665712,2.410221881166571,True,8522.5,True,91.0,D
98,-101.0,51.0,1464.380030632019,189.92299,4035,-92.02496519148914,46.726035,811.2059842957962,1038.2963,Canada,CAN,North America,North America,,,1870.3813621041531,1.9292913041166928,2.28662018134866,3.0167597568588684,,1.9292913041166928,NH3,6757.828860372084,,2.217,0.1885280723231589,0.2228681507562884,0.4434444222057497,,0.1885280723231589,2.405528072323159,True,8522.5,True,124.0,D
99,-101.0,52.0,1446.8599951267242,162.50233,4035,-92.02496519148914,46.726035,875.805549465384,1116.2027,Canada,CAN,North America,North America,,,1870.3813621041531,1.955131130184528,2.3124600074164956,3.042599582926704,,1.955131130184528,NH3,6672.267101922589,,2.217,0.1885280723231589,0.2228681507562884,0.4434444222057497,,0.1885280723231589,2.405528072323159,True,8522.5,True,146.0,D
100,-101.0,54.0,1377.8750348091123,364.68362,4035,-92.02496519148914,46.726035,1029.1096900048612,1287.8294,Canada,CAN,North America,North America,,,2910.134153150457,2.0268396955636687,2.38882927825591,3.1730920465179517,,2.0268396955636687,NH3,6502.513498649881,,0.5509999999999999,0.2248133385046802,0.2382828759520005,0.2712562199286897,,0.2248133385046802,0.7758133385046802,True,8522.5,True,74.0,D
101,-101.0,55.0,1374.9549853801727,202.46245,4035,-92.02496519148914,46.726035,1114.514355617909,1419.9921000000002,Canada,CAN,North America,North America,,,2910.134153150457,2.061001561808888,2.42299114450113,3.207253912763171,,2.061001561808888,NH3,6418.367282408217,,2.217,0.2518605651394669,0.2922828759520005,0.5128541024982773,,0.2518605651394669,2.468860565139467,True,8522.5,True,193.0,D
102,-101.0,57.0,1360.3549993038175,153.50616,4035,-92.02496519148914,46.726035,1297.1013292236153,1715.6135,Canada,CAN,North America,North America,,,2249.517762415762,2.127979317439249,2.4872612018861697,3.2396697763404116,,2.127979317439249,NH3,6251.657617783595,,2.217,0.2116125239327513,0.2481795990793444,0.4686943276349385,,0.2116125239327513,2.4286125239327516,True,8522.5,True,203.0,D
103,-100.0,50.0,1525.334963798523,282.19116,4035,-92.02496519148914,46.726035,693.5346557188682,864.2763,Canada,CAN,North America,North America,,,2204.6102417177335,1.8860791589125725,2.2451481113473974,2.9951031142855062,,1.8860791589125725,NH3,6798.266109633018,,2.217,0.2088776937948661,0.2451815371983684,0.465699986524186,,0.2088776937948661,2.4258776937948663,True,8522.5,True,78.0,D
104,-100.0,53.0,1398.6800062656405,270.41162,4035,-92.02496519148914,46.726035,902.0663416008482,1086.7906,Canada,CAN,North America,North America,,,2204.6102417177335,1.9694918332653648,2.3285607857001898,3.0785157886382986,,1.9694918332653648,NH3,6543.502193285724,,2.217,0.2088776937948661,0.2451815371983684,0.465699986524186,,0.2088776937948661,2.4258776937948663,True,8522.5,True,169.0,D
105,-99.0,50.0,1482.6299262046814,257.65894,4035,-92.02496519148914,46.726035,631.774996873502,777.5761,Canada,CAN,North America,North America,,,2104.7281211820637,1.8602870578399544,2.218866002546025,2.963199695012841,,1.8602870578399544,NH3,6752.240589953299,,2.217,0.2027954859880763,0.2385133272078267,0.4590434936634238,,0.2027954859880763,2.4197954859880766,True,8522.5,True,88.0,D
106,-99.0,51.0,1434.084963798523,154.57928,4035,-92.02496519148914,46.726035,697.8783628454021,865.1035,Canada,CAN,North America,North America,,,1770.4439779391384,1.882673691467069,2.239419928393941,2.9630097649729814,,1.882673691467069,NH3,6667.486492255029,,2.217,0.1824449426953301,0.2161962513217969,0.436800111215179,,0.1824449426953301,2.39944494269533,True,8522.5,True,121.0,D
107,-99.0,56.0,1342.4699902534485,162.97705,5925,-91.672074775,47.013795,1120.3333073214485,1505.3804,Canada,CAN,North America,North America,,,1900.8985443193287,2.0533215572576524,2.4108220256768957,3.1428982139605854,,2.0533215572576524,NH3,6251.117609270138,,2.217,0.1903857807671332,0.2249055021685238,0.4454742930773964,,0.1903857807671332,2.4073857807671333,True,8522.5,True,198.0,D
108,-99.0,57.0,1351.2299644947052,172.58864,5925,-91.672074775,47.013795,1218.1121139087322,1730.7796,Canada,CAN,North America,North America,,,1947.485932357357,2.0930006833610095,2.450757744632209,3.1857366545524264,,2.0930006833610095,NH3,6169.497316389811,,2.217,0.1932218811665712,0.2280157133322673,0.4485739367347263,,0.1932218811665712,2.410221881166571,True,8522.5,True,201.0,D
109,-98.0,50.0,1497.960033416748,275.62152,4035,-92.02496519148914,46.726035,572.8967594147526,706.3993,Canada,CAN,North America,North America,,,1947.485932357357,1.834914541563418,2.192671602834617,2.9276505127548345,,1.834914541563418,NH3,6705.747781391502,,2.217,0.1932218811665712,0.2280157133322673,0.4485739367347263,,0.1932218811665712,2.410221881166571,True,8522.5,True,70.0,D
110,-98.0,51.0,1431.1650013923645,138.8494,4035,-92.02496519148914,46.726035,646.190454544017,787.5600999999999,Canada,CAN,North America,North America,,,1947.485932357357,1.8642320196151236,2.221989080886323,2.9569679908065405,,1.8642320196151236,NH3,6621.616034345117,,2.217,0.1932218811665712,0.2280157133322673,0.4485739367347263,,0.1932218811665712,2.410221881166571,True,8522.5,True,117.0,D
111,-98.0,54.0,1397.94997215271,178.19664,4035,-92.02496519148914,46.726035,913.253320868496,1438.4382,Canada,CAN,North America,North America,,,1947.485932357357,1.9710571661449152,2.3288142274161148,3.063793137336332,,1.9710571661449152,NH3,6372.19544049241,,2.217,0.1932218811665712,0.2280157133322673,0.4485739367347263,,0.1932218811665712,2.410221881166571,True,8522.5,True,171.0,D
112,-97.0,50.0,1468.3949136734009,289.11557,4035,-92.02496519148914,46.726035,517.8953396926913,628.0833,Canada,CAN,North America,North America,,,1870.3813621041531,1.811967046275451,2.1692959235074185,2.8994354990176268,,1.811967046275451,NH3,6658.793612944452,,2.217,0.1885280723231589,0.2228681507562884,0.4434444222057497,,0.1885280723231589,2.405528072323159,True,8522.5,True,75.0,D
113,-97.0,51.0,1457.0800375938416,267.26404,4035,-92.02496519148914,46.726035,598.9982778020469,747.2287,Canada,CAN,North America,North America,,,1870.3813621041531,1.8444082215191928,2.2017370987511606,2.931876674261369,,1.8444082215191928,NH3,6575.2870976921395,,2.217,0.1885280723231589,0.2228681507562884,0.4434444222057497,,0.1885280723231589,2.405528072323159,True,8522.5,True,90.0,D
114,-97.0,53.0,1389.1899979114532,118.2296,4035,-92.02496519148914,46.726035,783.709375709515,945.1363,Canada,CAN,North America,North America,,,2249.517762415762,1.9226225360336089,2.28190442048053,3.034312994934772,,1.9226225360336089,NH3,6409.793093626287,,2.217,0.2116125239327513,0.2481795990793444,0.4686943276349385,,0.2116125239327513,2.4286125239327516,True,8522.5,True,159.0,D
115,-96.0,50.0,1432.6249825954435,250.30768,4035,-92.02496519148914,46.726035,468.15012794094514,617.8045999999999,Canada,CAN,North America,North America,,,2249.517762415762,1.7963988369261807,2.155680721373102,2.908089295827344,,1.7963988369261807,NH3,6611.383999303812,,2.217,0.2116125239327513,0.2481795990793444,0.4686943276349385,,0.2116125239327513,2.4286125239327516,True,8522.5,True,87.0,D
116,-96.0,56.0,1360.7199728488922,185.5443,7089,-91.2613947631957,47.2805275,1023.482406946944,1557.6851,Canada,CAN,North America,North America,,,2249.517762415762,2.0185317485285803,2.377813632975501,3.130222207429743,,2.0185317485285803,NH3,6122.380193922821,,2.217,0.2116125239327513,0.2481795990793444,0.4686943276349385,,0.2116125239327513,2.4286125239327516,True,8522.5,True,189.0,D
117,-95.0,50.0,1399.775013923645,116.61619,4035,-92.02496519148914,46.726035,425.5184365906138,566.2711999999999,Canada,CAN,North America,North America,,,2204.6102417177335,1.7788726712612708,2.1379416236960957,2.8878966266342045,,1.7788726712612708,NH3,6563.5248393854645,,2.217,0.2088776937948661,0.2451815371983684,0.465699986524186,,0.2088776937948661,2.4258776937948663,True,8522.5,True,94.0,D
118,-95.0,54.0,1348.6749756336212,196.267,7089,-91.2613947631957,47.2805275,792.6016954367543,,Canada,CAN,North America,North America,,,2104.7281211820637,1.924617737265255,2.283196681971326,3.027530374438142,,1.924617737265255,NH3,6237.853563583351,,2.217,0.2027954859880763,0.2385133272078267,0.4590434936634238,,0.2027954859880763,2.4197954859880766,True,8522.5,True,177.0,D
119,-95.0,55.0,1381.8900048732758,130.58945,7089,-91.2613947631957,47.2805275,897.4366469093463,,Canada,CAN,North America,North America,,,1770.4439779391384,1.962497005092647,2.319243242019519,3.042833078598559,,1.962497005092647,NH3,6157.907978869357,,2.217,0.1824449426953301,0.2161962513217969,0.436800111215179,,0.1824449426953301,2.39944494269533,True,8522.5,True,174.0,D
120,-94.0,50.0,1368.3850264549255,223.09468,5925,-91.672074775,47.013795,373.927896721938,558.3489000000001,Canada,CAN,North America,North America,,,1770.4439779391384,1.7575183409586312,2.1202685832557804,2.8438584198348207,,1.7575183409586312,NH3,6515.222014933521,,2.217,0.1824449426953301,0.2161962513217969,0.436800111215179,,0.1824449426953301,2.39944494269533,True,8522.5,True,104.0,D
121,-94.0,55.0,1378.6049818992617,137.65381,1991,-89.16152441372145,48.40496275573969,805.9464215137415,1808.5897,Canada,CAN,North America,North America,,,1947.485932357357,1.9281344064030137,2.285891467674213,3.0208703775944303,,1.9281344064030137,NH3,6112.974325108544,,2.217,0.1932218811665712,0.2280157133322673,0.4485739367347263,,0.1932218811665712,2.410221881166571,True,8522.5,True,166.0,D
122,-93.0,53.0,1322.0299923419952,354.93448,7089,-91.2613947631957,47.2805275,648.1599284241363,,Canada,CAN,North America,North America,,,1947.485932357357,1.8650198091671712,2.222776870438371,2.957755780358588,,1.8650198091671712,NH3,6225.297409841416,,0.5509999999999999,0.166190294986282,0.1740157133322673,0.2078056303598678,,0.166190294986282,0.717190294986282,True,8522.5,True,60.0,D
123,-92.0,50.0,1352.32497215271,240.12392,7089,-91.2613947631957,47.2805275,307.26817458773166,574.692,Canada,CAN,North America,North America,,,1947.485932357357,1.7597518324272396,2.123512899068716,2.8584918089889335,,1.7597518324272396,NH3,6417.308805688392,,2.217,0.1932218811665712,0.2280157133322673,0.4485739367347263,,0.1932218811665712,2.410221881166571,True,8522.5,True,120.0,D
124,-92.0,56.0,1369.8450076580048,289.7936,1991,-89.16152441372145,48.40496275573969,866.9067878761861,1840.6552,Canada,CAN,North America,North America,,,1947.485932357357,1.9525185529479911,2.310275614219191,3.045254524139408,,1.9525185529479911,NH3,5944.778415858206,,0.5509999999999999,0.166190294986282,0.1740157133322673,0.2078056303598678,,0.166190294986282,0.717190294986282,True,8522.5,True,167.0,D
125,-90.0,54.0,1358.5299575328827,151.51912,1991,-89.16152441372145,48.40496275573969,625.1990586014285,816.9671999999999,Canada,CAN,North America,North America,,,1947.485932357357,1.855835461238088,2.2135925225092876,2.948571432429505,,1.855835461238088,NH3,6005.399791224875,,2.217,0.1932218811665712,0.2280157133322673,0.4485739367347263,,0.1932218811665712,2.410221881166571,True,8522.5,True,150.0,D
126,-88.0,56.0,1413.2799923419952,227.82848,1991,-89.16152441372145,48.40496275573969,848.7958802950063,842.1653,Canada,CAN,North America,North America,,,1947.485932357357,1.9452741899155193,2.303031251186719,3.038010161106936,,1.9452741899155193,NH3,5760.673291474545,,2.217,0.1932218811665712,0.2280157133322673,0.4485739367347263,,0.1932218811665712,2.410221881166571,True,8522.5,True,154.0,D
127,-87.0,49.0,1372.0350229740145,350.42358,7093,-89.13027157285109,48.316540835,174.3656141925217,266.1521,Canada,CAN,North America,North America,,,1947.485932357357,1.7597518324272396,2.123512899068716,2.8584918089889335,,1.7597518324272396,NH3,6242.975158269667,,0.5509999999999999,0.166190294986282,0.1740157133322673,0.2078056303598678,,0.166190294986282,0.717190294986282,True,8522.5,True,54.0,D
128,-87.0,50.0,1352.6900327205658,232.1182,1991,-89.16152441372145,48.40496275573969,237.21325992312083,329.3242,Canada,CAN,North America,North America,,,1947.485932357357,1.7597518324272396,2.123512899068716,2.8584918089889335,,1.7597518324272396,NH3,6165.169520281372,,2.217,0.1932218811665712,0.2280157133322673,0.4485739367347263,,0.1932218811665712,2.410221881166571,True,8522.5,True,119.0,D
129,-86.0,49.0,1340.6450355052948,97.912636,4406,-87.3911081460167,46.55412,291.23411375535363,667.1783,Canada,CAN,North America,North America,,,3951.865937389792,1.776423553142446,2.147601256775652,2.9713040998661446,,1.776423553142446,NH3,6190.708027364658,,2.217,0.3153930348774755,0.3618297203108843,0.5829159251640256,,0.3153930348774755,2.5323930348774755,True,8522.5,True,131.0,D
130,-84.0,47.0,1331.1550271511078,224.66699,2814,-84.37628495982278,46.51214,61.38188676794893,86.8978,Canada,CAN,North America,North America,,,3798.973967374382,1.701106789245487,2.146258146115751,2.9647581701360814,,1.701106789245487,NH3,6238.980738672445,,2.217,0.3060635733566365,0.3516225305109215,0.5726003358772246,,0.3060635733566365,2.5230635733566364,True,8522.5,True,103.0,D
131,-83.0,42.0,1379.3350160121918,503.38013,2810,-83.11323556716339,42.09679,14.264053733399228,17.949099999999998,Canada,CAN,North America,North America,,,3296.767025327901,1.6425942159797864,2.0829601244353393,2.9415345464863845,,1.6425942159797864,NH3,6577.724654403209,,0.5509999999999999,0.2483774826283957,0.2640947947128235,0.2968634170307849,,0.2483774826283957,0.7993774826283957,True,8522.5,True,23.0,D
132,-82.0,43.0,1347.9450285434723,322.07745,4727,-82.41578599296466,42.987840000000006,33.93379978670558,35.036,Canada,CAN,North America,North America,,,3296.767025327901,1.6562637359797865,2.1068817844353394,2.9415345464863845,,1.6562637359797865,NH3,6440.788854072594,,0.5509999999999999,0.2483774826283957,0.2640947947128235,0.2968634170307849,,0.2483774826283957,0.7993774826283957,True,8522.5,True,56.0,D
133,-82.0,46.0,1409.6299958229065,459.23892,7077,-83.22330028402038,45.915364165,95.29758255926396,139.38070000000002,Canada,CAN,North America,North America,,,3296.767025327901,1.7397394959797865,2.1414316579943917,2.9415345464863845,,1.7397394959797865,NH3,6206.264691045835,,0.5509999999999999,0.2483774826283957,0.2640947947128235,0.2968634170307849,,0.2483774826283957,0.7993774826283957,True,8522.5,True,34.0,D
134,-81.0,43.0,1338.8199937343595,283.0269,1992,-80.06612578624113,42.7753885416314,80.26404045534838,100.1226,Canada,CAN,North America,North America,,,2249.517762415762,1.699332860379526,2.1284206701967237,2.8808292446509656,,1.699332860379526,NH3,6383.351573147668,,0.5509999999999999,0.1845760324921138,0.1941795990793444,0.2276663548898835,,0.1845760324921138,0.7355760324921138,True,8522.5,True,83.0,D
135,-81.0,44.0,1310.7150292396543,359.2312,6058,-81.72777412103491,43.746,64.94809665943819,82.3655,Canada,CAN,North America,North America,,,2204.6102417177335,1.684653691254748,2.1277342490598503,2.877689251997959,,1.684653691254748,NH3,6305.045028675838,,0.5509999999999999,0.1818419318041997,0.1911815371983684,0.2247106576450087,,0.1818419318041997,0.7328419318041997,True,8522.5,True,50.0,D
136,-81.0,49.0,1317.2849881649015,145.8324,7077,-83.22330028402038,45.915364165,381.6886768280805,645.8670999999999,Canada,CAN,North America,North America,,,2204.6102417177335,1.7626612912547484,2.1277342490598503,2.877689251997959,,1.7626612912547484,NH3,5923.603240164149,,2.217,0.2088776937948661,0.2451815371983684,0.465699986524186,,0.2088776937948661,2.4258776937948663,True,8522.5,True,140.0,D
137,-80.0,43.0,1355.2450215816498,278.82922,1992,-80.06612578624113,42.7753885416314,25.530213031457023,30.3973,Canada,CAN,North America,North America,,,2104.7281211820637,1.6419908937202763,2.0851119502375717,2.8704896962634403,,1.6419908937202763,NH3,6325.562333939619,,2.217,0.2027954859880763,0.2385133272078267,0.4590434936634238,,0.2027954859880763,2.4197954859880766,True,8522.5,True,69.0,D
138,-79.0,44.0,1391.3800132274628,260.93356,3274,-78.72752425193858,43.86803,26.337767630906672,38.9943,Canada,CAN,North America,North America,,,2104.7281211820637,1.6488684937202764,2.0971477502375717,2.8704896962634403,,1.6488684937202764,NH3,6190.092584782402,,2.217,0.2027954859880763,0.2385133272078267,0.4590434936634238,,0.2027954859880763,2.4197954859880766,True,8522.5,True,64.0,D
139,-79.0,46.0,1310.3499686717987,272.9262,7060,-79.89107258393015,44.752523335,155.21849920782773,249.1882,Canada,CAN,North America,North America,,,2104.7281211820637,1.7615730537202765,2.1261560037966243,2.8704896962634403,,1.7615730537202765,NH3,6037.47968943432,,0.5509999999999999,0.1757613462796305,0.1845133272078268,0.2181400710346752,,0.1757613462796305,0.7267613462796305,True,8522.5,True,132.0,D
140,-79.0,48.0,1321.6650187969208,136.61778,7060,-79.89107258393015,44.752523335,367.4298986767911,505.999,Canada,CAN,North America,North America,,,1770.4439779391384,1.7575183409586312,2.1202685832557804,2.8438584198348207,,1.7575183409586312,NH3,5887.817871532965,,2.217,0.1824449426953301,0.2161962513217969,0.436800111215179,,0.1824449426953301,2.39944494269533,True,8522.5,True,136.0,D
141,-79.0,54.0,1329.6949589252472,284.04315,7077,-83.22330028402038,45.915364165,948.4966075551564,1606.7627,Canada,CAN,North America,North America,,,1625.0044419316914,1.9809139148690176,2.336749324256862,3.0501759905121015,,1.9809139148690176,NH3,5459.308791862724,,0.5509999999999999,0.1465670777979353,0.1524865919571035,0.1866473792856942,,0.1465670777979353,0.6975670777979353,True,8522.5,True,183.0,D
142,-78.0,44.0,1387.3650431632996,271.20044,3274,-78.72752425193858,43.86803,60.22858097892563,65.2705,Canada,CAN,North America,North America,,,1947.485932357357,1.66806823242724,2.123512899068716,2.8584918089889335,,1.66806823242724,NH3,6132.100059934792,,2.217,0.1932218811665712,0.2280157133322673,0.4485739367347263,,0.1932218811665712,2.410221881166571,True,8522.5,True,65.0,D
143,-78.0,48.0,1311.8100368976593,268.57492,7060,-79.89107258393015,44.752523335,389.1695433614682,663.0283000000001,Canada,CAN,North America,North America,,,1947.485932357357,1.7597518324272396,2.123512899068716,2.8584918089889335,,1.7597518324272396,NH3,5831.9743558062555,,0.5509999999999999,0.166190294986282,0.1740157133322673,0.2078056303598678,,0.166190294986282,0.717190294986282,True,8522.5,True,142.0,D
144,-77.0,44.0,1356.3400292396543,342.0828,17301,-75.53270614602678,44.6901383475,139.8906378694448,188.9721,Canada,CAN,North America,North America,,,1947.485932357357,1.7597518324272396,2.123512899068716,2.8584918089889335,,1.7597518324272396,NH3,6073.772001398322,,0.5509999999999999,0.166190294986282,0.1740157133322673,0.2078056303598678,,0.166190294986282,0.717190294986282,True,8522.5,True,57.0,D
145,-77.0,45.0,1351.9599986076355,110.95236,17301,-75.53270614602678,44.6901383475,121.00371564394102,159.5636,Canada,CAN,North America,North America,,,1947.485932357357,1.7435027124272398,2.123512899068716,2.8584918089889335,,1.7435027124272398,NH3,5998.113829791316,,2.217,0.1932218811665712,0.2280157133322673,0.4485739367347263,,0.1932218811665712,2.410221881166571,True,8522.5,True,110.0,D
146,-77.0,49.0,1262.1699798107147,170.95096,7061,-75.31359992102855,44.82990865776601,481.0214384868811,617.2086999999999,Canada,CAN,North America,North America,,,1947.485932357357,1.7981644131922692,2.1559214744634687,2.890900384383686,,1.7981644131922692,NH3,5703.3395018674355,,2.217,0.1932218811665712,0.2280157133322673,0.4485739367347263,,0.1932218811665712,2.410221881166571,True,8522.5,True,182.0,D
147,-75.0,45.0,1346.8500208854675,207.14967,17287,-75.04999579684105,44.93910694,7.832610137302185,9.1933,Canada,CAN,North America,North America,,,1947.485932357357,1.6232064724272397,2.0527832455096635,2.830018640249031,,1.6232064724272397,NH3,5881.464401348173,,2.217,0.1932218811665712,0.2280157133322673,0.4485739367347263,,0.1932218811665712,2.410221881166571,True,8522.5,True,68.0,D
148,-75.0,50.0,1302.3200285434723,201.91461,4605,-73.13002353625231,46.037245,462.1353790849546,675.8719,Canada,CAN,North America,North America,,,1947.485932357357,1.7906099894314988,2.148367050702698,2.8833459606229153,,1.7906099894314988,NH3,5520.831974875682,,2.217,0.1932218811665712,0.2280157133322673,0.4485739367347263,,0.1932218811665712,2.410221881166571,True,8522.5,True,158.0,D
149,-73.0,46.0,1391.7449867725372,197.43466,4605,-73.13002353625231,46.037245,10.886525672562184,13.9362,Canada,CAN,North America,North America,,,1870.3813621041531,1.626053865028097,2.058048194071289,2.8522615944006477,,1.626053865028097,NH3,5690.68566569641,,2.217,0.1885280723231589,0.2228681507562884,0.4434444222057497,,0.1885280723231589,2.405528072323159,True,8522.5,True,62.0,D
150,-72.0,46.0,1316.5550410747528,247.43509,3159,-72.36793399359885,46.390545,51.87601856342954,75.9116,Canada,CAN,North America,North America,,,3483.928049260571,1.6902691204490732,2.143311282392284,2.9505256789673164,,1.6902691204490732,NH3,5631.761662746948,,2.217,0.2868448935192396,0.3305898138707532,0.551379927726246,,0.2868448935192396,2.50384489351924,True,8522.5,True,111.0,D
151,-72.0,49.0,1295.0200355052948,152.30899,2284,-70.79694643802709,48.410770031,110.15294613773582,165.287,Canada,CAN,North America,North America,,,3296.767025327901,1.7604645359797866,2.1414316579943917,2.9415345464863845,,1.7604645359797866,NH3,5420.373757438436,,2.217,0.2754309961070891,0.3180947947128235,0.5387960974529064,,0.2754309961070891,2.4924309961070894,True,8522.5,True,151.0,D
152,-71.0,47.0,1372.0350229740145,165.8106,1944,-70.94337077234304,46.877303235,14.305469938626596,83.85889999999999,Canada,CAN,North America,North America,,,3296.767025327901,1.6953220559797866,2.1414316579943917,2.9415345464863845,,1.6953220559797866,NH3,5501.631021159452,,2.217,0.2754309961070891,0.3180947947128235,0.5387960974529064,,0.2754309961070891,2.4924309961070894,True,8522.5,True,80.0,D
153,-69.0,48.0,1343.9299714565277,234.15158,7092,-69.12539925222003,48.27017086145892,31.457605795398603,39.0261,Canada,CAN,North America,North America,,,3296.767025327901,1.6594558159797863,2.112467924435339,2.9415345464863845,,1.6594558159797863,NH3,5314.512535744161,,2.217,0.2754309961070891,0.3180947947128235,0.5387960974529064,,0.2754309961070891,2.4924309961070894,True,8522.5,True,82.0,D
154,-67.0,49.0,1230.049958229065,471.06146,3613,-66.78160388113838,50.022865,114.8567004384697,565.6294,Ocean / International,CAN,North America,North America,,,3296.767025327901,1.7721349359797864,2.1414316579943917,2.9415345464863845,,1.7721349359797864,NH3,5129.5616275105285,,0.5509999999999999,0.2483774826283957,0.2640947947128235,0.2968634170307849,,0.2483774826283957,0.7993774826283957,True,8522.5,True,35.0,D
155,-67.0,53.0,1266.9149839878082,241.96486,1936,-66.3882470363751,50.19237632397562,315.2350397299984,549.8195,Canada,CAN,North America,North America,,,3296.767025327901,1.7721349359797864,2.1414316579943917,2.9415345464863845,,1.7721349359797864,NH3,4875.785941560019,,2.217,0.2754309961070891,0.3180947947128235,0.5387960974529064,,0.2754309961070891,2.4924309961070894,True,8522.5,True,172.0,D
156,-67.0,55.0,1300.4949867725372,178.35487,1936,-66.3882470363751,50.19237632397562,536.5829152395253,801.9324,Canada,CAN,North America,North America,,,2249.517762415762,1.8237719518456128,2.183053836292534,2.935462410746776,,1.8237719518456128,NH3,4757.153382904899,,2.217,0.2116125239327513,0.2481795990793444,0.4686943276349385,,0.2116125239327513,2.4286125239327516,True,8522.5,True,170.0,D
157,-66.0,46.0,1308.1600403785706,367.42978,7067,-66.05248070466999,45.25707333333333,82.67323357576345,122.89,Canada,CAN,North America,North America,,,2204.6102417177335,1.7170732912547484,2.1277342490598503,2.877689251997959,,1.7170732912547484,NH3,5272.012004336513,,0.5509999999999999,0.1818419318041997,0.1911815371983684,0.2247106576450087,,0.1818419318041997,0.7328419318041997,True,8522.5,True,51.0,D
158,-66.0,49.0,1218.7349951267242,897.4888,10302,-65.80859379842877,47.93759437277913,118.98362905802604,266.9377,Canada,CAN,North America,North America,,,2204.6102417177335,1.7626612912547484,2.1277342490598503,2.877689251997959,,1.7626612912547484,NH3,5070.516659688359,,0.5509999999999999,0.1818419318041997,0.1911815371983684,0.2247106576450087,,0.1818419318041997,0.7328419318041997,True,8522.5,True,14.0,D
159,-65.0,45.0,1285.8950006961825,230.983,1993,-66.02810800090928,45.181805952000005,83.41798329922133,518.6832,Canada,CAN,North America,North America,,,2204.6102417177335,1.7626612912547484,2.1277342490598503,2.877689251997959,,1.7626612912547484,NH3,5280.005997809698,,2.217,0.2088776937948661,0.2451815371983684,0.465699986524186,,0.2088776937948661,2.4258776937948663,True,8522.5,True,157.0,D
160,-65.0,47.0,1367.6549923419952,252.26286,1935,-65.83177121483398,47.91239175014198,119.26205396038438,166.0341,Canada,CAN,North America,North America,,,2104.7281211820637,1.7505003337202765,2.1261560037966243,2.8704896962634403,,1.7505003337202765,NH3,5143.262417213202,,2.217,0.2027954859880763,0.2385133272078267,0.4590434936634238,,0.2027954859880763,2.4197954859880766,True,8522.5,True,101.0,D
161,-64.0,46.0,1293.92502784729,375.96793,3633,-63.11642148014171,46.22943,72.90829452671761,111.7973,Canada,CAN,North America,North America,,,2104.7281211820637,1.7071108937202766,2.1261560037966243,2.8704896962634403,,1.7071108937202766,NH3,5149.87372632835,,0.5509999999999999,0.1757613462796305,0.1845133272078268,0.2181400710346752,,0.1757613462796305,0.7267613462796305,True,8522.5,True,47.0,D
162,-64.0,47.0,1297.9399979114532,439.50684,3633,-63.11642148014171,46.22943,109.17015919561284,150.0145,Canada,CAN,North America,North America,,,1770.4439779391384,1.733629940958631,2.1202685832557804,2.8438584198348207,,1.733629940958631,NH3,5082.56008061813,,0.5509999999999999,0.1554162310034223,0.1621962513217969,0.1961837535052919,,0.1554162310034223,0.7064162310034223,True,8522.5,True,38.0,D
163,-63.0,45.0,1251.584963798523,165.85754,17764,-63.4486659005,44.537526313,62.472193991409355,102.4822,Canada,CAN,North America,North America,,,1947.485932357357,1.69783759242724,2.123512899068716,2.8584918089889335,,1.69783759242724,NH3,5156.417948426971,,2.217,0.1932218811665712,0.2280157133322673,0.4485739367347263,,0.1932218811665712,2.410221881166571,True,8522.5,True,155.0,D
164,-62.0,45.0,1246.474986076355,455.05725,3644,-61.352646875,45.586965,82.66804946658247,159.1716,Ocean / International,CAN,North America,North America,,,1947.485932357357,1.7431891124272396,2.123512899068716,2.8584918089889335,,1.7431891124272396,NH3,5094.251991121059,,0.5509999999999999,0.166190294986282,0.1740157133322673,0.2078056303598678,,0.166190294986282,0.717190294986282,True,8522.5,True,36.0,D
165,-60.0,55.0,1347.5799679756165,286.1048,4604,-63.61017795918367,50.24027,583.175067911701,1340.5373,Canada,CAN,North America,North America,,,1947.485932357357,1.839025864962197,2.1967829262333964,2.931761836153614,,1.839025864962197,NH3,4367.59149484743,,0.5509999999999999,0.166190294986282,0.1740157133322673,0.2078056303598678,,0.166190294986282,0.717190294986282,True,8522.5,True,133.0,D
166,-59.0,48.0,1101.935019493103,113.44007,3261,-60.25631410731931,46.18625,223.05373551068507,271.36690000000004,Canada,CAN,North America,North America,,,1947.485932357357,1.7597518324272396,2.123512899068716,2.8584918089889335,,1.7597518324272396,NH3,4711.688342152822,,2.217,0.1932218811665712,0.2280157133322673,0.4485739367347263,,0.1932218811665712,2.410221881166571,True,8522.5,True,211.0,D
167,-59.0,55.0,1277.5,734.7751,4604,-63.61017795918367,50.24027,614.526759448031,1316.647,Canada,CAN,North America,North America,,,1947.485932357357,1.8515665415767293,2.209323602847929,2.944302512768146,,1.8515665415767293,NH3,4310.8808794572515,,0.5509999999999999,0.166190294986282,0.1740157133322673,0.2078056303598678,,0.166190294986282,0.717190294986282,True,8522.5,True,18.0,D
168,-57.0,49.0,1165.4450285434723,621.8797,7090,-54.1769412355448,47.7251525,252.6721344956917,512.0405999999999,Canada,CAN,North America,North America,,,1947.485932357357,1.7597518324272396,2.123512899068716,2.8584918089889335,,1.7597518324272396,NH3,4527.054132931993,,0.5509999999999999,0.166190294986282,0.1740157133322673,0.2078056303598678,,0.166190294986282,0.717190294986282,True,8522.5,True,19.0,D
169,-57.0,50.0,1316.9200146198273,603.06415,17777,-54.12360243854654,47.795416633,323.34786481456365,551.1791,Canada,CAN,North America,North America,,,1947.485932357357,1.7597518324272396,2.123512899068716,2.8584918089889335,,1.7597518324272396,NH3,4467.631488409758,,0.5509999999999999,0.166190294986282,0.1740157133322673,0.2078056303598678,,0.166190294986282,0.717190294986282,True,8522.5,True,21.0,D
170,-57.0,51.0,1193.185019493103,515.1509,17777,-54.12360243854654,47.795416633,412.9831165800369,765.3927,Canada,CAN,North America,North America,,,1947.485932357357,1.7688400140332656,2.1287061457007312,2.863685055620948,,1.7688400140332656,NH3,4409.86154542795,,0.5509999999999999,0.166190294986282,0.1740157133322673,0.2078056303598678,,0.166190294986282,0.717190294986282,True,8522.5,True,29.0,D
171,-56.0,48.0,1220.1949763298037,447.4869,7090,-54.1769412355448,47.7251525,139.78490298933875,448.9534,Canada,CAN,North America,North America,,,1870.3813621041531,1.758804905028097,2.1221377876303418,2.85227736314055,,1.758804905028097,NH3,4525.901408742585,,0.5509999999999999,0.161497738103157,0.1688681507562884,0.2027423154601736,,0.161497738103157,0.712497738103157,True,8522.5,True,39.0,D
172,-56.0,49.0,1184.424958229065,321.2516,7090,-54.1769412355448,47.7251525,195.80792797239928,319.1267,Canada,CAN,North America,North America,,,3357.1786153709527,1.7725639062103982,2.142049777570892,2.9444841784299856,,1.7725639062103982,NH3,4465.42443824465,,0.5509999999999999,0.2520603821464143,0.2681279206227377,0.3008709674508892,,0.2520603821464143,0.8030603821464142,True,8522.5,True,61.0,D
173,-56.0,50.0,1193.185019493103,518.2233,17777,-54.12360243854654,47.795416633,281.10949625436854,480.6153,Canada,CAN,North America,North America,,,3357.1786153709527,1.7725639062103982,2.142049777570892,2.9444841784299856,,1.7725639062103982,NH3,4406.576765952602,,0.5509999999999999,0.2520603821464143,0.2681279206227377,0.3008709674508892,,0.2520603821464143,0.8030603821464142,True,8522.5,True,28.0,D
174,-56.0,51.0,1202.67502784729,397.09174,17777,-54.12360243854654,47.795416633,381.51075284107714,858.5716,Canada,CAN,North America,North America,,,3301.9331784299475,1.7721719201607955,2.1414849581541486,2.9417886222458822,,1.7721719201607955,NH3,4349.4277563581145,,0.5509999999999999,0.248692418733044,0.2644396912122469,0.2972060585573473,,0.248692418733044,0.799692418733044,True,8522.5,True,48.0,D
175,-55.0,49.0,1192.8199589252472,536.30945,17777,-54.12360243854654,47.795416633,148.83797043466632,229.2716,Canada,CAN,North America,North America,,,3296.767025327901,1.7721349359797864,2.1414316579943917,2.9415345464863845,,1.7721349359797864,NH3,4403.564562911987,,0.5509999999999999,0.2483774826283957,0.2640947947128235,0.2968634170307849,,0.2483774826283957,0.7993774826283957,True,8522.5,True,27.0,D
176,-54.0,47.0,1146.8299853801727,435.8499,7088,-53.6203116165003,47.05611666666667,29.528956531979663,101.3107,Canada,CAN,North America,North America,,,3296.767025327901,1.7092834959797862,2.1414316579943917,2.9415345464863845,,1.7092834959797862,NH3,4461.992635981864,,0.5509999999999999,0.2483774826283957,0.2640947947128235,0.2968634170307849,,0.2483774826283957,0.7993774826283957,True,8522.5,True,37.0,D
177,-54.0,48.0,1179.6800410747528,511.3099,3748,-54.01701671875,47.810590000000005,21.098600277422772,23.0911,Canada,CAN,North America,North America,,,3296.767025327901,1.6467078159797863,2.090158924435339,2.9415345464863845,,1.6467078159797863,NH3,4400.911744374802,,0.5509999999999999,0.2483774826283957,0.2640947947128235,0.2968634170307849,,0.2483774826283957,0.7993774826283957,True,8522.5,True,22.0,D
178,-53.0,48.0,1130.4049575328827,561.5007,1916,-52.70217804899115,47.56277360022068,53.49194246876446,152.4441,Canada,CAN,North America,North America,,,3296.767025327901,1.7501902159797864,2.1414316579943917,2.9415345464863845,,1.7501902159797864,NH3,4338.093615922928,,0.5509999999999999,0.2483774826283957,0.2640947947128235,0.2968634170307849,,0.2483774826283957,0.7993774826283957,True,8522.5,True,24.0,D
179,-8.0,55.0,832.5649631023407,531.9847,2416,-7.10387403525,55.0901467725,58.15450583316714,72.7151,Ocean / International,GBR,Europe,Non-EU Europe,,,3296.767025327901,1.6864070159797864,2.1414316579943917,2.9415345464863845,,1.6864070159797864,NH3,1179.619241574938,,0.5509999999999999,0.2483774826283957,0.2640947947128235,0.2968634170307849,0.0094369539325995,0.0094369539325995,0.5604369539325994,True,1337.2,True,46.0,D
180,-7.0,55.0,877.4600160121918,666.1608,2416,-7.10387403525,55.0901467725,12.03327718305952,26.9158,United Kingdom,GBR,Europe,Non-EU Europe,,,3296.767025327901,1.6497675759797863,2.0955135044353392,2.9415345464863845,,1.6497675759797863,NH3,1115.6333403671847,,0.5509999999999999,0.2483774826283957,0.2640947947128235,0.2968634170307849,0.0089250667229374,0.0089250667229374,0.5599250667229374,True,1337.2,True,26.0,D
181,-6.0,55.0,895.345025062561,730.5215,2090,-5.889368748172213,54.62636856827885,42.19643516296512,53.6289,Ocean / International,GBR,Europe,Non-EU Europe,,,2249.517762415762,1.6621379003795256,2.1199008566376714,2.8808292446509656,0.9754582949301518,0.9754582949301518,H2 Gas,1051.6707477114016,,0.5509999999999999,0.1845760324921138,0.1941795990793444,0.2276663548898835,0.0084133659816912,0.0084133659816912,0.5594133659816911,True,1337.2,True,7.0,D
182,-6.0,56.0,912.5,814.8475,1931,-5.526947386097163,56.56661692075431,69.56180655530548,186.5978,Ocean / International,GBR,Europe,Non-EU Europe,,,2204.6102417177335,1.7626612912547484,2.1277342490598503,2.877689251997959,0.9684414352078768,0.9684414352078768,H2 Gas,1061.8240844424251,,0.5509999999999999,0.1818419318041997,0.1911815371983684,0.2247106576450087,0.0084945926755394,0.0084945926755394,0.5594945926755394,True,1337.2,True,4.0,D
183,-5.0,52.0,1024.1899979114532,463.90994,2084,-5.19138731188753,51.66819733567536,39.20412557610803,49.395,United Kingdom,GBR,Europe,Non-EU Europe,,,2204.6102417177335,1.6582772912547483,2.113286975500798,2.877689251997959,0.9562983628161978,0.9562983628161978,H2 Gas,1024.215252591903,,0.5509999999999999,0.1818419318041997,0.1911815371983684,0.2247106576450087,0.0081937220207352,0.0081937220207352,0.5591937220207351,True,1337.2,True,13.0,D
184,-5.0,57.0,810.6649839878082,1218.1489,1931,-5.526947386097163,56.56661692075431,58.02089538538687,150.7021,United Kingdom,GBR,Europe,Non-EU Europe,,,2204.6102417177335,1.7393229712547482,2.1277342490598503,2.877689251997959,0.9638250707399092,0.9638250707399092,H2 Gas,1024.5347060073273,,0.5509999999999999,0.1818419318041997,0.1911815371983684,0.2247106576450087,0.0081962776480586,0.0081962776480586,0.5591962776480586,True,1337.2,True,2.0,D
185,-5.0,58.0,825.630030632019,1013.83765,1931,-5.526947386097163,56.56661692075431,162.7599845649937,285.29690000000005,United Kingdom,GBR,Europe,Non-EU Europe,,,2104.7281211820637,1.7615730537202765,2.1261560037966243,2.8704896962634403,0.9657678581974842,0.9657678581974842,H2 Gas,1059.9987475113896,,0.5509999999999999,0.1757613462796305,0.1845133272078268,0.2181400710346752,0.0084799899800911,0.0084799899800911,0.5594799899800911,True,1337.2,True,3.0,D
186,-4.0,51.0,1012.8750348091124,381.86823,28785,-4.0832104985439965,51.4529742435,50.72867835574117,278.23220000000003,United Kingdom,GBR,Europe,Non-EU Europe,,,2104.7281211820637,1.7615730537202765,2.1261560037966243,2.8704896962634403,0.9209553357137832,0.9209553357137832,H2 Gas,994.2916485895754,,0.5509999999999999,0.1757613462796305,0.1845133272078268,0.2181400710346752,0.0079543331887166,0.0079543331887166,0.5589543331887166,True,1337.2,True,25.0,D
187,-4.0,52.0,946.8100368976592,476.12592,2512,-3.829832418416496,51.5719666745,49.05062092939451,65.8991,United Kingdom,GBR,Europe,Non-EU Europe,,,1947.485932357357,1.66857111242724,2.123512899068716,2.8584918089889335,0.8573872372133617,0.8573872372133617,H2 Gas,958.1110756817844,,0.5509999999999999,0.166190294986282,0.1740157133322673,0.2078056303598678,0.0076648886054542,0.0076648886054542,0.5586648886054542,True,1337.2,True,11.0,D
188,-4.0,53.0,856.2899839878082,760.0407,2091,-3.298937180567674,53.5224305135,74.62574739326186,176.97629999999998,United Kingdom,GBR,Europe,Non-EU Europe,,,1947.485932357357,1.75743287242724,2.123512899068716,2.8584918089889335,0.8676172877989088,0.8676172877989088,H2 Gas,933.7646362980092,,0.5509999999999999,0.166190294986282,0.1740157133322673,0.2078056303598678,0.007470117090384,0.007470117090384,0.558470117090384,True,1337.2,True,1.0,D
189,-4.0,55.0,923.4499895572662,354.03333,2493,-4.451438056227003,55.9121639975,105.49212973267072,137.2569,United Kingdom,GBR,Europe,Non-EU Europe,,,1947.485932357357,1.7256573524272398,2.123512899068716,2.8584918089889335,0.8799638407346722,0.8799638407346722,H2 Gas,923.8950331587214,,0.5509999999999999,0.166190294986282,0.1740157133322673,0.2078056303598678,0.0073911602652697,0.0073911602652697,0.5583911602652697,True,1337.2,True,30.0,D
190,-4.0,56.0,888.0450320243835,562.60803,7114,-3.692428856820692,56.03125269378768,19.49551646599367,25.8371,United Kingdom,GBR,Europe,Non-EU Europe,,,1947.485932357357,1.63652151242724,2.076084565509664,2.8584918089889335,0.8455651954280015,0.8455651954280015,H2 Gas,938.7933381103644,,0.5509999999999999,0.166190294986282,0.1740157133322673,0.2078056303598678,0.0075103467048829,0.0075103467048829,0.5585103467048829,True,1337.2,True,9.0,D
191,-4.0,57.0,843.8800132274628,674.78455,7114,-3.692428856820692,56.03125269378768,109.5198947327622,203.7647,United Kingdom,GBR,Europe,Non-EU Europe,,,1947.485932357357,1.7597518324272396,2.123512899068716,2.8584918089889335,0.8815749467347089,0.8815749467347089,H2 Gas,966.2877643307256,,0.5509999999999999,0.166190294986282,0.1740157133322673,0.2078056303598678,0.0077303021146458,0.0077303021146458,0.5587303021146457,True,1337.2,True,6.0,D
192,-3.0,51.0,1038.0600368976593,299.22507,726,-3.091629571186796,51.355706532,40.088332398448415,48.801,United Kingdom,GBR,Europe,Non-EU Europe,,,1947.485932357357,1.6548926324272395,2.1082340255096637,2.8584918089889335,0.8538023218009834,0.8538023218009834,H2 Gas,929.392825371862,,0.5509999999999999,0.166190294986282,0.1740157133322673,0.2078056303598678,0.0074351426029748,0.0074351426029748,0.5584351426029748,True,1337.2,True,52.0,D
193,-3.0,52.0,991.705002784729,658.3578,2423,-2.988957733872784,51.55932756140828,49.03653074525155,55.8112,United Kingdom,GBR,Europe,Non-EU Europe,,,1947.485932357357,1.6605007924272397,2.1180483055096637,2.8584918089889335,0.8573816011397046,0.8573816011397046,H2 Gas,892.1150757529678,,0.5509999999999999,0.166190294986282,0.1740157133322673,0.2078056303598678,0.0071369206060237,0.0071369206060237,0.5581369206060237,True,1337.2,True,5.0,D
194,-3.0,53.0,970.169997215271,445.68832,2092,-2.947479434348688,53.32248570397496,36.060724189287605,48.1537,United Kingdom,GBR,Europe,Non-EU Europe,,,3407.958789688803,1.6675416271059875,2.1263757126857743,2.946928008239961,,1.6675416271059875,NH3,867.5080340137384,,0.5509999999999999,0.2551563241980489,0.2715180455409087,0.3042409374193156,0.0069400642721099,0.0069400642721099,0.5579400642721098,True,1337.2,True,58.0,D
195,-3.0,55.0,933.6700320243835,472.36044,7113,-3.182193453852041,55.982583335,109.99791561025756,151.6914,United Kingdom,GBR,Europe,Non-EU Europe,,,3296.767025327901,1.7495880559797865,2.1414316579943917,2.9415345464863845,,1.7495880559797865,NH3,860.1339289672975,,0.5509999999999999,0.2483774826283957,0.2640947947128235,0.2968634170307849,0.0068810714317383,0.0068810714317383,0.5578810714317383,True,1337.2,True,59.0,D
196,-3.0,59.0,851.1800062656403,750.9917,7119,-3.04585937078079,58.912267500000006,10.122979071257308,16.7438,Ocean / International,GBR,Europe,Non-EU Europe,,,3296.767025327901,1.6416299759797863,2.081272704435339,2.9415345464863845,,1.6416299759797863,NH3,1005.0506770074873,,0.5509999999999999,0.2483774826283957,0.2640947947128235,0.2968634170307849,0.0080404054160598,0.0080404054160598,0.5590404054160598,True,1337.2,True,20.0,D
197,-2.0,51.0,1044.265022277832,298.15665,13685,-2.376798363402486,50.61555950436741,50.34283878908123,65.3355,United Kingdom,GBR,Europe,Non-EU Europe,,,3296.767025327901,1.6805033359797863,2.1414316579943917,2.9415345464863845,,1.6805033359797863,NH3,864.9188132193511,,0.5509999999999999,0.2483774826283957,0.2640947947128235,0.2968634170307849,0.0069193505057548,0.0069193505057548,0.5579193505057547,True,1337.2,True,208.0,D
198,-2.0,52.0,997.1800410747528,353.8962,3382,-2.721722071716565,51.504105,74.35140461545886,88.6325,United Kingdom,GBR,Europe,Non-EU Europe,,,3296.767025327901,1.6991409359797864,2.1414316579943917,2.9415345464863845,,1.6991409359797864,NH3,826.2675947246736,,0.5509999999999999,0.2483774826283957,0.2640947947128235,0.2968634170307849,0.0066101407577973,0.0066101407577973,0.5576101407577974,True,1337.2,True,152.0,D
199,-2.0,53.0,942.4300062656404,522.1341,2092,-2.947479434348688,53.32248570397496,72.82967120193116,103.8793,United Kingdom,GBR,Europe,Non-EU Europe,,,3296.767025327901,1.7113383759797864,2.1414316579943917,2.9415345464863845,,1.7113383759797864,NH3,801.2344172587766,,0.5509999999999999,0.2483774826283957,0.2640947947128235,0.2968634170307849,0.0064098753380702,0.0064098753380702,0.5574098753380702,True,1337.2,True,49.0,D
200,-2.0,54.0,916.880030632019,701.0885,1965,-1.1055941158402398,54.63390272576362,91.4673974122886,125.1403,United Kingdom,GBR,Europe,Non-EU Europe,,,2249.517762415762,1.7193470203795256,2.1284206701967237,2.8808292446509656,0.9951666798298812,0.9951666798298812,H2 Gas,791.1211101956947,,0.5509999999999999,0.1845760324921138,0.1941795990793444,0.2276663548898835,0.0063289688815655,0.0063289688815655,0.5573289688815655,True,1337.2,True,8.0,D
201,-2.0,55.0,934.035005569458,545.56604,2509,-1.396746015094064,55.001816726,38.604251472147354,51.1531,United Kingdom,GBR,Europe,Non-EU Europe,,,2204.6102417177335,1.6596837712547483,2.115748315500798,2.877689251997959,0.9560584131746136,0.9560584131746136,H2 Gas,796.504054887596,,0.5509999999999999,0.1818419318041997,0.1911815371983684,0.2247106576450087,0.0063720324391007,0.0063720324391007,0.5573720324391007,True,1337.2,True,10.0,D
202,-1.0,51.0,1058.5000348091123,413.77383,669,-1.0354103755097164,50.693478011,34.19021838595708,62.8681,United Kingdom,GBR,Europe,Non-EU Europe,,,2104.7281211820637,1.6679675337202764,2.1261560037966243,2.8704896962634403,0.9143399517258696,0.9143399517258696,H2 Gas,800.9860966004753,,0.5509999999999999,0.1757613462796305,0.1845133272078268,0.2181400710346752,0.0064078887728038,0.0064078887728038,0.5574078887728038,True,1337.2,True,17.0,D
203,-1.0,52.0,1012.5099742412568,319.8202,4257,-1.4077491156307098,50.89528,126.13358573634557,151.7547,United Kingdom,GBR,Europe,Non-EU Europe,,,1770.4439779391384,1.735022100958631,2.1202685832557804,2.8438584198348207,0.8174036413688548,0.8174036413688548,H2 Gas,760.6217010248196,,0.5509999999999999,0.1554162310034223,0.1621962513217969,0.1961837535052919,0.0060849736081985,0.0060849736081985,0.5570849736081985,True,1337.2,True,41.0,D
204,-1.0,53.0,982.9450285434724,349.59485,2217,0.047753337,53.58391894,95.41620136111123,113.3988,United Kingdom,GBR,Europe,Non-EU Europe,,,1947.485932357357,1.70657087242724,2.123512899068716,2.8584918089889335,0.8759334693860485,0.8759334693860485,H2 Gas,734.9540334331134,,0.5509999999999999,0.166190294986282,0.1740157133322673,0.2078056303598678,0.0058796322674649,0.0058796322674649,0.5568796322674648,True,1337.2,True,31.0,D
205,-1.0,54.0,959.9500417709352,323.74515,1965,-1.1055941158402398,54.63390272576362,70.8940771535453,98.945,United Kingdom,GBR,Europe,Non-EU Europe,,,1947.485932357357,1.69500783242724,2.123512899068716,2.8584918089889335,0.8661246197030221,0.8661246197030221,H2 Gas,725.5533025306113,,0.5509999999999999,0.166190294986282,0.1740157133322673,0.2078056303598678,0.0058044264202448,0.0058044264202448,0.5568044264202449,True,1337.2,True,42.0,D
206,0.0,51.0,1068.355016708374,317.42142,2083,0.4536016550484003,51.48129627574235,62.21344765434206,97.8715,United Kingdom,GBR,Europe,Non-EU Europe,,,1947.485932357357,1.69414903242724,2.123512899068716,2.8584918089889335,0.8626523679033407,0.8626523679033407,H2 Gas,737.7492838845666,,0.5509999999999999,0.166190294986282,0.1740157133322673,0.2078056303598678,0.0059019942710765,0.0059019942710765,0.5569019942710765,True,1337.2,True,44.0,D
207,0.0,52.0,1037.330002784729,450.4141,2083,0.4536016550484003,51.48129627574235,65.66859235675788,116.5394,United Kingdom,GBR,Europe,Non-EU Europe,,,1947.485932357357,1.70908335242724,2.123512899068716,2.8584918089889335,0.8640344257843071,0.8640344257843071,H2 Gas,695.2490800022493,989.6273,0.5509999999999999,0.166190294986282,0.1740157133322673,0.2078056303598678,0.0055619926400179,0.0055619926400179,0.5565619926400179,True,1337.2,True,12.0,D
208,0.0,53.0,1023.459963798523,328.1975,2217,0.047753337,53.58391894,65.06333189214587,74.1122,United Kingdom,GBR,Europe,Non-EU Europe,,,1947.485932357357,1.6751415924272397,2.123512899068716,2.8584918089889335,0.8637923215984624,0.8637923215984624,H2 Gas,668.6798777547843,1121.1533,0.5509999999999999,0.166190294986282,0.1740157133322673,0.2078056303598678,0.0053494390220382,0.0053494390220382,0.5563494390220383,True,1337.2,True,40.0,D
209,1.0,52.0,1053.3899700641632,340.0171,2308,1.2248981073352954,52.0009532335,15.445749806302008,21.6726,United Kingdom,GBR,Europe,Non-EU Europe,,,1947.485932357357,1.6331899124272398,2.070254265509664,2.8584918089889335,0.8439452887641248,0.8439452887641248,H2 Gas,630.2494511404522,1001.274,0.5509999999999999,0.166190294986282,0.1740157133322673,0.2078056303598678,0.0050419956091236,0.0050419956091236,0.5560419956091236,True,1337.2,True,32.0,D
210,8.0,59.0,1032.220025062561,175.97562,3787,7.978426921925874,58.129135,97.0116372054805,170.9461,Norway,-99,Europe,Non-EU Europe,,,1947.485932357357,1.6737088451461608,2.123512899068716,2.8584918089889335,0.876571643723796,0.876571643723796,H2 Gas,619.1612150300949,1300.4495,2.217,0.1932218811665712,0.2280157133322673,0.4485739367347263,0.0049532897202407,0.0049532897202407,2.2219532897202408,True,,True,212.0,D
211,1.0,54.5,0.0,500.0,6305,2.3390193791263583,54.279555,90.09238144400364,,United Kingdom,GBR,Europe,Non-EU Europe,True,UK North Sea,1947.485932357357,1.659002435997991,2.123512899068716,2.8584918089889335,0.8738039414192054,0.8738039414192054,H2 Gas,598.1520591041375,1278.0719,0.5509999999999999,0.1715966122223398,0.1848157133322673,0.2559592916348395,0.0047852164728331,0.0047852164728331,0.5557852164728331,True,1337.2,True,116.0,D
212,2.0,56.0,0.0,500.0,6305,2.3390193791263583,54.279555,192.51396585763965,,United Kingdom,GBR,Europe,Non-EU Europe,True,UK North Sea,1947.485932357357,1.647371805118723,2.123512899068716,2.8584918089889335,0.9147725751846598,0.9147725751846598,H2 Gas,581.536872133755,1333.6331,0.5509999999999999,0.1715966122223398,0.1848157133322673,0.2559592916348395,0.00465229497707,0.00465229497707,0.55565229497707,True,1337.2,True,130.0,D
213,1.5,57.5,0.0,500.0,3018,2.387415,59.191605,195.0916935751594,,United Kingdom,GBR,Europe,Non-EU Europe,True,UK North Sea,3407.958789688803,1.7251184671640616,2.142560806244827,2.946928008239961,5.8594738,1.7251184671640616,NH3,692.6035321985245,1842.5246,0.5509999999999999,0.2605673886087609,0.2823180455409088,0.3526467647832442,0.0055408282575881,0.0055408282575881,0.5565408282575881,True,1337.2,True,216.0,D
214,3.5,58.5,0.0,450.0,3018,2.387415,59.191605,100.04928371043133,,Norway,-99,Europe,Non-EU Europe,True,Norwegian North Sea,3407.958789688803,1.7184621457006322,2.142560806244827,2.946928008239961,4.7730094,1.7184621457006322,NH3,683.0945015364827,1480.3698,0.5509999999999999,0.2605673886087609,0.2823180455409088,0.3526467647832442,0.0054647560122918,0.0054647560122918,0.5564647560122918,True,,True,217.0,D
215,4.5,60.0,0.0,450.0,3184,4.856877447643981,60.617819999999995,71.45492647477172,,Norway,-99,Europe,Non-EU Europe,True,Norwegian North Sea,3407.958789688803,1.7729186671059876,2.142560806244827,2.946928008239961,,1.7729186671059876,NH3,792.1613323226908,,0.5509999999999999,0.2605673886087609,0.2823180455409088,0.3526467647832442,0.0063372906585815,0.0063372906585815,0.5573372906585815,True,,True,218.0,D
216,5.5,62.0,0.0,450.0,4348,5.5177947906403935,62.043825,4.960748899316266,,Norway,-99,Europe,Non-EU Europe,True,Norwegian North Sea,3407.958789688803,1.7729186671059876,2.142560806244827,2.946928008239961,,1.7729186671059876,NH3,977.7085032653928,,0.5509999999999999,0.2605673886087609,0.2823180455409088,0.3526467647832442,0.0078216680261231,0.0078216680261231,0.5588216680261231,True,,True,219.0,D
217,-5.5,58.0,0.0,520.0,1931,-5.526947386097163,56.56661692075431,159.39337074699213,,United Kingdom,GBR,Europe,Non-EU Europe,True,Scottish Atlantic,3301.9331784299475,1.7721719201607955,2.1414849581541486,2.9417886222458822,,1.7721719201607955,NH3,1087.6145324950412,,0.5509999999999999,0.2541031382335868,0.2752396912122469,0.3455934906058774,0.0087009162599603,0.0087009162599603,0.5597009162599602,True,1337.2,True,214.0,D
218,-4.5,60.0,0.0,520.0,3481,-4.278591010273972,60.314025,37.00486579903947,,United Kingdom,GBR,Europe,Non-EU Europe,True,Scottish Atlantic,3301.9331784299475,1.7721719201607955,2.1414849581541486,2.9417886222458822,,1.7721719201607955,NH3,1136.2793298526972,,0.5509999999999999,0.2541031382335868,0.2752396912122469,0.3455934906058774,0.0090902346388215,0.0090902346388215,0.5600902346388215,True,1337.2,True,215.0,D
